0
0
0
0
0
-1
-4
-6
-7
-5
0
10
24
37
47
52
51
42
27
11
-5
-19
-29
-34
-36
-35
-31
-25
-17
-8
2
12
20
28
38
47
57
69
83
95
106
115
120
119
113
103
89
73
59
49
42
40
45
54
66
81
99
117
135
154
173
190
205
220
232
241
248
254
258
261
264
268
270
269
268
262
253
242
231
219
208
200
195
191
191
194
199
204
209
214
215
213
208
201
192
181
174
167
162
159
158
155
151
147
142
135
127
120
112
102
91
78
62
43
23
3
-18
-38
-54
-69
-82
-93
-100
-106
-110
-111
-109
-107
-103
-97
-92
-89
-88
-87
-89
-94
-100
-107
-117
-129
-140
-153
-168
-184
-200
-218
-235
-251
-263
-273
-280
-281
-278
-275
-270
-264
-259
-257
-256
-255
-256
-258
-259
-259
-259
-257
-251
-244
-235
-224
-211
-199
-188
-177
-168
-161
-155
-150
-147
-146
-144
-143
-143
-142
-140
-137
-135
-132
-128
-125
-123
-120
-116
-111
-104
-94
-83
-73
-62
-51
-42
-35
-28
-22
-19
-18
-17
-19
-24
-31
-37
-43
-49
-52
-53
-54
-56
-56
-57
-60
-64
-66
-70
-75
-80
-85
-90
-97
-100
-100
-99
-94
-85
-74
-64
-55
-48
-45
-46
-48
-52
-60
-68
-76
-85
-96
-107
-117
-127
-138
-145
-150
-155
-158
-157
-155
-152
-147
-139
-132
-126
-119
-112
-107
-102
-94
-85
-76
-64
-50
-37
-26
-17
-10
-7
-6
-5
-5
-5
-4
-2
-1
-2
-4
-8
-14
-22
-28
-34
-39
-41
-37
-31
-22
-10
4
17
29
41
52
60
67
72
75
74
72
70
65
60
57
54
50
47
45
42
38
35
34
32
30
29
28
25
21
17
10
1
-8
-16
-25
-35
-42
-50
-59
-67
-74
-80
-88
-94
-99
-105
-112
-118
-123
-130
-135
-138
-141
-143
-144
-144
-145
-147
-149
-153
-159
-167
-175
-183
-192
-199
-203
-207
-209
-207
-204
-201
-198
-194
-191
-191
-191
-190
-192
-193
-193
-193
-192
-191
-189
-187
-186
-185
-184
-185
-186
-188
-190
-194
-198
-202
-205
-210
-214
-215
-217
-217
-214
-208
-201
-192
-180
-168
-156
-145
-134
-126
-121
-117
-115
-115
-116
-115
-113
-111
-108
-101
-95
-89
-81
-74
-67
-61
-54
-47
-41
-36
-31
-28
-27
-26
-26
-27
-29
-30
-31
-34
-36
-38
-40
-43
-44
-43
-43
-41
-37
-32
-27
-19
-9
1
11
22
33
41
47
51
53
51
48
45
41
35
29
24
18
12
8
4
0
-3
-5
-6
-8
-8
-7
-4
-1
5
13
21
31
41
51
58
64
67
66
63
59
54
49
46
47
49
52
58
66
74
81
90
98
103
107
111
111
109
106
103
99
94
91
89
85
83
82
81
78
77
76
75
74
76
78
81
85
90
96
100
103
107
109
109
109
109
106
101
96
90
80
70
59
45
30
14
-2
-20
-38
-54
-69
-84
-97
-106
-114
-121
-125
-127
-130
-131
-131
-130
-131
-131
-129
-129
-131
-132
-135
-139
-146
-153
-162
-173
-185
-196
-208
-220
-229
-236
-242
-246
-246
-245
-244
-244
-244
-246
-250
-255
-259
-264
-268
-270
-270
-270
-269
-266
-263
-260
-256
-250
-245
-241
-235
-229
-226
-222
-216
-211
-205
-198
-189
-182
-176
-170
-167
-168
-171
-174
-180
-187
-193
-196
-199
-200
-197
-191
-186
-179
-170
-162
-155
-147
-138
-131
-125
-118
-112
-108
-107
-106
-108
-112
-116
-118
-120
-121
-119
-116
-114
-112
-109
-106
-104
-100
-94
-89
-84
-77
-72
-70
-70
-72
-76
-82
-88
-93
-98
-102
-102
-100
-98
-95
-91
-87
-86
-86
-87
-90
-95
-98
-100
-102
-103
-103
-103
-106
-110
-116
-123
-132
-140
-146
-152
-156
-159
-163
-169
-178
-188
-202
-217
-233
-246
-260
-271
-278
-284
-288
-289
-286
-280
-271
-256
-236
-213
-190
-165
-143
-125
-112
-103
-99
-101
-105
-112
-122
-133
-143
-153
-164
-173
-179
-185
-190
-191
-188
-183
-175
-164
-153
-145
-139
-137
-139
-146
-152
-158
-164
-168
-169
-170
-175
-183
-194
-210
-231
-254
-275
-297
-318
-336
-353
-370
-383
-390
-391
-384
-364
-333
-294
-248
-198
-149
-106
-69
-41
-23
-18
-22
-34
-53
-76
-99
-120
-140
-155
-164
-170
-171
-168
-157
-143
-125
-102
-78
-58
-43
-33
-32
-38
-47
-55
-61
-63
-58
-47
-35
-24
-15
-12
-19
-32
-53
-79
-109
-137
-162
-182
-194
-194
-185
-167
-140
-108
-77
-48
-23
-5
3
4
-1
-11
-28
-47
-65
-84
-100
-110
-112
-106
-92
-67
-36
-1
36
71
100
117
122
113
89
54
14
-27
-64
-90
-103
-104
-94
-74
-48
-24
-4
10
16
10
-4
-24
-49
-75
-98
-115
-128
-134
-133
-127
-118
-106
-92
-79
-67
-57
-48
-45
-45
-47
-51
-59
-68
-76
-86
-97
-108
-118
-129
-141
-150
-158
-162
-161
-150
-131
-103
-65
-21
25
67
105
132
147
150
143
128
107
86
66
48
34
25
20
17
15
17
19
24
32
44
59
74
90
105
115
122
126
126
121
113
102
85
63
40
16
-9
-33
-52
-69
-84
-96
-106
-117
-128
-136
-141
-142
-136
-122
-102
-78
-51
-25
-6
6
9
3
-12
-32
-52
-73
-91
-105
-112
-115
-115
-110
-102
-93
-83
-73
-66
-65
-68
-76
-91
-112
-134
-156
-176
-193
-202
-205
-205
-199
-190
-180
-171
-162
-155
-150
-148
-145
-144
-145
-147
-149
-155
-164
-174
-185
-196
-206
-210
-208
-200
-184
-160
-132
-102
-70
-41
-18
-1
9
12
8
0
-8
-17
-24
-25
-20
-9
8
31
58
85
112
139
163
183
200
214
223
228
231
230
225
217
208
196
180
163
146
126
104
83
62
39
15
-7
-29
-50
-68
-81
-93
-101
-105
-106
-107
-106
-103
-101
-101
-101
-101
-104
-107
-110
-114
-120
-127
-135
-145
-158
-171
-183
-196
-207
-215
-221
-225
-227
-225
-224
-222
-219
-214
-209
-204
-195
-184
-171
-156
-139
-121
-106
-91
-78
-69
-62
-57
-52
-51
-52
-52
-55
-61
-66
-70
-72
-72
-66
-54
-37
-17
7
31
53
72
88
98
103
104
101
95
87
80
74
68
65
65
66
67
69
72
73
73
75
77
77
78
79
79
76
74
70
65
58
52
46
40
36
36
36
38
42
48
52
54
56
56
53
49
45
40
34
28
22
15
6
-2
-11
-24
-37
-51
-68
-86
-103
-117
-131
-141
-146
-149
-151
-152
-153
-158
-166
-175
-184
-193
-200
-202
-200
-194
-185
-174
-163
-154
-147
-141
-139
-138
-137
-135
-133
-130
-123
-117
-112
-106
-100
-97
-95
-92
-89
-88
-85
-78
-70
-60
-46
-29
-9
12
36
61
84
107
130
151
168
183
196
205
210
213
214
214
213
214
217
219
222
225
225
221
216
207
195
180
166
152
137
124
112
101
89
81
75
70
66
66
68
70
73
78
82
84
86
87
84
79
73
65
54
43
32
21
9
0
-7
-13
-17
-18
-19
-21
-23
-25
-30
-37
-44
-51
-59
-68
-75
-82
-90
-98
-106
-115
-124
-133
-140
-148
-154
-156
-157
-158
-156
-154
-152
-153
-154
-156
-160
-165
-167
-168
-168
-165
-158
-150
-140
-128
-115
-102
-90
-76
-63
-52
-41
-30
-19
-9
2
14
26
37
51
66
80
96
113
129
142
153
163
167
168
167
165
161
157
154
152
150
149
149
148
146
145
144
142
140
139
137
132
127
122
114
105
96
86
75
65
55
46
36
28
22
16
10
5
2
-3
-8
-11
-15
-21
-26
-30
-34
-39
-41
-41
-41
-39
-35
-31
-28
-24
-21
-20
-21
-22
-23
-27
-30
-33
-35
-37
-37
-34
-30
-26
-20
-13
-9
-7
-5
-4
-7
-9
-10
-11
-12
-10
-6
-2
5
13
22
30
37
44
49
52
55
57
57
57
58
59
58
58
59
62
64
70
79
88
98
111
123
134
144
154
161
165
168
169
167
162
158
152
145
138
133
128
123
122
122
122
124
129
134
140
146
154
160
163
166
166
162
155
147
137
124
110
97
84
71
59
49
40
31
25
20
15
9
5
-2
-10
-19
-26
-34
-42
-47
-51
-56
-60
-62
-65
-69
-72
-74
-77
-79
-80
-81
-82
-84
-84
-86
-89
-91
-92
-92
-92
-89
-85
-81
-77
-71
-67
-65
-63
-61
-59
-57
-53
-48
-42
-34
-25
-15
-8
0
8
14
17
22
26
29
31
35
40
44
49
57
64
70
78
85
90
93
97
99
99
99
99
96
92
87
81
72
61
52
43
34
28
25
24
25
29
35
41
45
50
54
53
52
50
46
40
36
32
28
25
23
22
21
20
22
24
25
28
32
35
38
41
44
45
46
46
46
43
40
38
35
31
29
27
25
23
22
21
18
16
14
10
4
-1
-6
-13
-18
-20
-21
-20
-17
-13
-10
-9
-8
-10
-14
-19
-23
-28
-33
-37
-37
-37
-35
-30
-23
-16
-7
2
11
17
22
27
29
30
32
36
39
42
47
51
52
52
52
51
48
47
46
45
44
45
46
45
45
45
44
41
39
37
32
27
23
17
10
5
1
-3
-5
-4
0
3
8
14
19
22
24
26
25
22
18
14
7
-1
-8
-15
-23
-30
-34
-39
-44
-47
-48
-50
-51
-49
-48
-47
-46
-43
-42
-42
-41
-40
-40
-40
-39
-38
-37
-36
-34
-32
-32
-30
-27
-26
-24
-21
-17
-15
-11
-6
-2
1
5
9
12
14
17
20
21
22
24
25
24
25
28
29
30
33
36
37
38
39
37
34
30
26
20
12
5
-3
-11
-18
-22
-27
-31
-33
-35
-38
-43
-47
-52
-60
-68
-76
-85
-97
-109
-122
-138
-155
-171
-185
-198
-207
-212
-214
-215
-213
-208
-202
-194
-182
-167
-150
-133
-113
-95
-80
-66
-55
-48
-48
-52
-63
-82
-104
-127
-150
-171
-188
-201
-212
-221
-227
-228
-226
-218
-204
-187
-169
-152
-138
-130
-128
-127
-127
-128
-130
-130
-133
-141
-155
-174
-199
-228
-257
-283
-306
-325
-339
-351
-362
-372
-378
-381
-377
-362
-337
-306
-269
-228
-190
-159
-136
-121
-117
-125
-140
-161
-188
-217
-243
-265
-282
-294
-297
-297
-293
-283
-269
-252
-231
-206
-179
-156
-136
-121
-116
-119
-125
-133
-140
-142
-136
-123
-106
-87
-69
-58
-55
-61
-74
-94
-118
-141
-160
-176
-183
-181
-171
-156
-135
-112
-91
-76
-66
-64
-71
-85
-104
-126
-149
-168
-182
-190
-191
-184
-168
-147
-120
-86
-50
-14
21
50
68
74
68
49
18
-21
-63
-103
-138
-161
-168
-161
-141
-109
-71
-34
-2
22
35
35
26
10
-12
-36
-59
-78
-95
-106
-111
-112
-111
-106
-99
-91
-82
-71
-59
-47
-34
-20
-6
6
17
27
33
35
33
26
12
-9
-32
-60
-88
-112
-128
-133
-126
-105
-72
-33
8
48
81
103
114
115
107
91
74
55
36
18
3
-12
-27
-41
-51
-59
-64
-62
-55
-46
-33
-19
-4
8
20
31
38
41
41
37
28
14
-1
-17
-35
-52
-67
-81
-95
-108
-120
-134
-148
-160
-170
-177
-178
-172
-161
-147
-130
-113
-100
-92
-86
-86
-90
-95
-98
-100
-99
-91
-78
-61
-41
-18
5
24
40
52
58
55
47
33
12
-12
-36
-56
-73
-83
-85
-82
-75
-65
-54
-44
-36
-28
-21
-15
-8
0
8
14
19
21
18
10
-1
-14
-28
-42
-50
-55
-55
-49
-38
-24
-10
5
20
31
40
47
51
52
52
53
53
54
58
64
71
79
90
100
109
118
128
136
143
151
159
165
171
177
182
185
189
194
198
201
205
208
208
206
202
195
183
170
156
142
127
116
107
101
99
101
106
113
123
135
147
157
167
176
181
184
186
185
180
173
163
149
130
110
89
67
46
30
17
7
1
-1
-3
-4
-4
-2
-1
2
8
16
24
33
43
51
54
55
52
46
36
26
16
5
-6
-16
-29
-44
-59
-73
-86
-97
-102
-103
-100
-93
-84
-75
-69
-63
-60
-60
-62
-65
-69
-74
-78
-81
-82
-84
-83
-81
-80
-79
-77
-76
-76
-76
-75
-75
-77
-79
-81
-86
-92
-98
-103
-110
-116
-119
-123
-127
-129
-129
-130
-130
-128
-124
-120
-115
-109
-105
-102
-101
-101
-104
-109
-112
-114
-116
-115
-112
-107
-104
-101
-99
-99
-103
-107
-110
-114
-115
-113
-110
-107
-104
-102
-104
-110
-117
-124
-133
-139
-141
-140
-137
-130
-121
-112
-105
-98
-92
-88
-85
-81
-77
-73
-69
-64
-60
-58
-56
-57
-61
-69
-78
-88
-101
-113
-123
-133
-142
-147
-147
-145
-139
-127
-113
-97
-78
-58
-38
-20
-2
15
29
39
48
54
57
59
62
65
67
71
76
79
81
83
83
80
78
76
74
73
74
77
82
89
100
113
126
140
156
171
183
193
200
203
202
198
191
180
168
157
145
133
122
113
105
97
92
90
87
87
90
94
96
100
103
105
105
106
107
107
107
109
110
109
109
109
107
103
100
98
94
90
87
83
78
72
65
55
42
28
13
-5
-22
-38
-51
-62
-70
-73
-74
-73
-70
-66
-62
-58
-53
-48
-46
-44
-43
-44
-48
-51
-53
-55
-56
-54
-50
-45
-40
-33
-27
-22
-17
-14
-13
-15
-18
-22
-29
-36
-41
-46
-51
-53
-53
-52
-50
-45
-38
-32
-25
-16
-8
-2
5
11
15
18
21
23
24
25
28
31
34
39
44
47
50
53
55
55
56
59
62
64
67
72
76
80
87
94
101
109
118
127
134
141
148
152
154
157
158
157
156
154
150
145
139
134
127
119
113
107
99
90
83
74
63
54
46
38
31
29
29
30
34
39
45
49
53
58
60
60
61
62
60
59
59
59
58
59
63
66
70
77
84
91
97
104
110
113
115
118
118
116
116
115
114
112
111
110
108
107
106
105
103
102
103
104
106
110
115
119
124
130
135
139
144
148
151
152
153
152
148
144
139
134
128
124
121
118
116
115
115
114
112
112
112
110
109
109
107
105
103
100
96
92
89
85
80
75
71
64
57
50
42
32
22
13
4
-6
-14
-20
-26
-33
-38
-42
-48
-52
-55
-58
-61
-64
-66
-70
-76
-82
-87
-94
-100
-103
-105
-106
-104
-100
-96
-92
-85
-79
-73
-68
-61
-55
-50
-43
-36
-29
-23
-16
-9
-5
-1
4
7
9
12
15
16
16
16
14
10
5
1
-4
-9
-12
-13
-12
-10
-5
1
7
12
17
18
17
14
10
5
-1
-3
-4
-4
-2
2
6
9
12
15
18
18
20
23
24
26
30
35
38
42
47
51
52
55
57
59
60
62
64
64
65
67
69
70
73
77
79
80
83
84
84
84
86
88
90
93
97
100
102
105
106
105
103
101
97
92
87
83
78
74
73
72
72
73
75
77
78
79
82
82
83
85
85
84
82
80
76
70
65
61
57
53
51
50
48
46
46
47
47
49
52
55
58
63
68
70
72
74
75
73
72
72
71
71
73
78
83
89
96
103
107
112
118
122
125
130
134
136
136
134
130
122
113
105
97
88
83
79
74
69
66
61
54
47
41
33
25
20
15
10
6
4
3
0
-2
-3
-5
-9
-12
-16
-23
-31
-39
-48
-58
-67
-74
-80
-85
-86
-84
-82
-78
-72
-67
-64
-62
-60
-60
-63
-65
-66
-69
-72
-74
-76
-81
-85
-90
-96
-103
-109
-114
-119
-124
-127
-129
-133
-136
-137
-139
-140
-140
-139
-139
-140
-141
-143
-147
-152
-156
-161
-165
-167
-167
-167
-167
-164
-160
-157
-153
-146
-138
-129
-119
-109
-100
-94
-89
-87
-87
-89
-89
-89
-90
-88
-86
-84
-83
-81
-81
-82
-85
-86
-88
-90
-90
-88
-86
-84
-80
-77
-75
-73
-70
-68
-67
-65
-61
-58
-55
-51
-47
-45
-43
-41
-39
-39
-38
-36
-36
-35
-33
-32
-32
-33
-34
-36
-40
-43
-44
-46
-48
-48
-46
-45
-44
-42
-40
-40
-40
-38
-38
-38
-36
-33
-31
-28
-24
-19
-16
-13
-9
-6
-5
-2
1
3
6
11
16
21
26
32
36
38
40
41
41
39
40
40
40
41
43
43
41
39
35
29
23
19
17
16
18
24
30
36
44
50
55
57
60
61
61
61
62
62
63
66
70
75
81
89
98
104
109
115
118
120
121
123
124
124
125
125
122
120
117
113
109
105
103
100
97
97
96
94
94
94
94
94
94
94
93
90
90
89
87
87
88
90
91
93
97
99
100
103
106
108
110
114
118
120
124
127
128
126
125
123
119
114
111
107
101
97
92
86
80
74
70
65
62
61
60
59
59
60
60
58
58
58
58
58
60
62
64
68
73
76
78
80
83
84
87
92
98
103
111
119
126
131
137
142
144
146
148
149
149
148
149
149
149
150
153
154
155
157
158
158
159
161
163
165
167
170
170
169
167
165
160
155
152
148
145
143
142
139
136
134
130
125
121
117
112
107
102
96
89
81
75
68
60
54
50
45
39
34
29
21
12
5
-3
-11
-18
-23
-27
-32
-36
-39
-43
-48
-51
-53
-57
-58
-58
-57
-57
-55
-53
-53
-55
-56
-58
-63
-68
-72
-76
-80
-82
-81
-81
-79
-74
-69
-65
-61
-58
-57
-60
-65
-71
-79
-88
-96
-103
-111
-118
-122
-127
-132
-136
-139
-142
-145
-147
-148
-149
-149
-146
-143
-140
-136
-132
-129
-127
-125
-124
-124
-125
-124
-123
-122
-120
-116
-113
-111
-108
-105
-104
-102
-98
-94
-90
-84
-76
-68
-60
-50
-40
-32
-25
-19
-14
-12
-12
-11
-12
-14
-15
-17
-20
-24
-27
-31
-37
-41
-44
-48
-51
-53
-54
-56
-58
-58
-58
-58
-59
-58
-60
-62
-64
-66
-70
-73
-75
-77
-81
-85
-89
-93
-98
-100
-100
-99
-96
-91
-85
-81
-77
-74
-74
-76
-78
-80
-82
-83
-82
-80
-78
-74
-68
-63
-57
-52
-46
-42
-40
-38
-37
-40
-44
-48
-54
-62
-69
-76
-83
-89
-93
-95
-97
-97
-95
-93
-92
-90
-88
-88
-90
-90
-89
-90
-90
-88
-87
-88
-88
-88
-90
-93
-94
-94
-95
-95
-92
-91
-90
-90
-89
-91
-93
-94
-94
-94
-92
-86
-80
-74
-67
-59
-53
-49
-45
-43
-43
-44
-45
-47
-51
-54
-56
-58
-60
-59
-57
-54
-51
-45
-39
-35
-30
-24
-20
-15
-9
-2
3
9
16
23
28
34
41
46
51
57
63
68
72
77
82
85
89
93
96
99
102
105
107
108
111
114
117
121
128
136
144
155
168
181
195
211
227
241
256
271
283
293
304
313
320
325
331
336
339
341
343
343
342
340
338
335
331
330
330
329
331
334
337
339
342
344
344
343
343
341
337
333
330
325
318
312
307
302
297
295
294
292
292
294
295
295
295
295
294
292
291
289
286
282
279
275
269
264
258
251
242
234
225
215
206
199
193
188
186
187
189
191
196
200
203
205
208
209
208
207
206
203
198
193
187
180
173
167
161
154
148
142
135
127
120
112
104
96
90
85
80
78
77
76
75
74
74
72
71
72
73
75
80
87
94
100
107
113
116
118
120
120
119
117
117
115
112
109
108
105
102
100
99
96
94
93
92
91
91
93
93
93
94
93
91
89
89
90
91
95
100
105
109
113
117
117
118
119
118
117
116
116
113
109
106
102
96
90
84
77
69
62
56
49
42
36
31
24
19
15
9
2
-5
-12
-22
-34
-45
-58
-73
-88
-102
-117
-133
-147
-159
-171
-181
-188
-192
-196
-199
-201
-203
-208
-214
-221
-230
-242
-254
-267
-282
-298
-313
-330
-348
-365
-381
-398
-414
-428
-440
-453
-465
-475
-486
-497
-507
-515
-524
-533
-539
-545
-551
-557
-562
-568
-577
-585
-594
-604
-616
-627
-637
-646
-653
-657
-659
-661
-661
-660
-660
-660
-658
-655
-654
-652
-650
-649
-650
-652
-653
-656
-658
-659
-656
-653
-647
-636
-624
-610
-594
-577
-560
-545
-530
-514
-501
-489
-477
-466
-458
-450
-442
-436
-431
-424
-416
-409
-400
-389
-378
-368
-358
-346
-335
-324
-313
-300
-288
-276
-262
-248
-235
-221
-205
-189
-173
-154
-134
-114
-94
-73
-51
-32
-12
8
26
44
62
82
100
118
138
158
177
196
216
234
251
268
284
297
309
321
332
342
352
366
379
392
407
423
439
453
469
484
498
510
524
535
544
554
564
572
580
589
599
608
618
628
638
645
652
659
663
666
669
672
674
675
678
680
682
684
688
690
692
694
696
696
695
694
693
690
688
688
688
688
689
690
689
686
683
678
670
664
660
656
654
654
656
657
657
659
659
657
657
658
659
660
663
667
668
668
666
662
654
645
635
624
612
601
591
579
567
557
546
535
525
518
511
505
502
502
501
502
504
505
504
502
499
493
487
483
480
480
482
488
497
505
516
528
541
553
567
582
595
606
617
623
625
624
621
615
608
602
599
596
596
599
604
608
612
616
617
613
608
600
588
574
559
543
525
506
486
465
443
421
400
378
358
340
323
307
293
282
270
258
246
235
222
208
195
182
168
154
140
124
105
86
67
47
27
10
-5
-20
-33
-43
-54
-67
-81
-97
-116
-139
-161
-185
-209
-231
-252
-272
-293
-315
-337
-362
-388
-413
-437
-460
-479
-494
-507
-518
-527
-534
-543
-554
-564
-576
-590
-605
-620
-636
-654
-671
-688
-706
-724
-741
-756
-771
-784
-794
-801
-808
-811
-813
-814
-815
-814
-812
-811
-808
-803
-798
-793
-788
-783
-781
-783
-786
-792
-802
-813
-823
-831
-837
-839
-835
-828
-819
-807
-792
-778
-764
-747
-729
-712
-695
-676
-660
-645
-631
-618
-607
-597
-585
-572
-559
-544
-527
-510
-493
-475
-457
-440
-424
-408
-392
-378
-363
-348
-333
-319
-304
-289
-275
-261
-247
-233
-222
-211
-200
-190
-182
-172
-162
-152
-142
-130
-118
-108
-96
-83
-68
-53
-35
-15
5
24
44
62
75
86
96
103
108
113
119
123
126
129
131
129
125
121
114
105
98
93
88
86
87
91
96
104
115
127
139
153
169
184
199
214
229
243
256
272
288
305
324
345
366
385
405
423
439
454
470
487
504
523
545
565
585
605
624
640
654
669
681
690
698
707
714
719
726
733
739
744
750
755
757
757
757
752
744
734
722
708
693
679
665
652
641
633
626
621
619
620
622
626
631
638
643
650
658
666
673
682
690
696
699
701
701
697
693
690
687
685
687
690
694
698
704
709
711
714
716
718
718
719
721
721
719
717
711
701
687
672
654
633
614
596
577
559
542
524
505
486
469
452
437
424
415
407
400
394
387
378
368
358
347
334
323
314
305
295
287
278
266
252
237
219
200
181
164
147
131
116
102
86
71
56
42
27
16
8
0
-6
-9
-12
-16
-20
-23
-28
-35
-42
-48
-57
-66
-74
-82
-90
-97
-103
-110
-120
-131
-143
-157
-173
-185
-195
-204
-209
-211
-212
-214
-217
-222
-229
-239
-248
-257
-266
-273
-277
-280
-283
-285
-287
-292
-298
-304
-308
-311
-312
-308
-302
-295
-286
-276
-265
-255
-241
-225
-208
-189
-165
-140
-115
-89
-63
-40
-23
-10
-3
-3
-10
-20
-33
-51
-71
-92
-116
-143
-172
-201
-231
-261
-286
-308
-328
-341
-349
-353
-353
-349
-340
-330
-318
-304
-291
-280
-270
-259
-248
-238
-227
-214
-201
-187
-172
-156
-141
-125
-108
-91
-74
-56
-37
-19
-3
13
26
34
41
47
51
53
56
61
64
65
68
69
68
68
70
73
78
85
96
106
115
123
128
129
127
124
119
113
108
105
103
100
99
99
97
96
98
102
109
123
142
165
190
217
243
266
285
302
315
326
338
352
368
386
409
435
460
484
508
528
542
553
560
564
564
565
566
564
562
559
553
543
532
520
506
490
474
459
442
425
410
393
375
358
343
328
315
308
309
316
330
353
380
410
441
473
502
529
557
584
609
634
658
679
695
704
708
702
689
671
650
627
606
590
578
568
561
556
550
542
533
523
510
496
483
469
454
439
424
406
384
361
335
305
272
240
207
174
141
111
81
50
21
-8
-37
-67
-96
-123
-152
-179
-205
-232
-260
-289
-319
-352
-388
-422
-456
-488
-517
-541
-561
-579
-593
-606
-619
-633
-646
-659
-673
-686
-696
-703
-708
-709
-706
-702
-697
-690
-683
-677
-670
-661
-649
-635
-617
-594
-569
-543
-515
-487
-465
-447
-434
-430
-433
-442
-454
-469
-484
-497
-508
-517
-524
-526
-525
-521
-511
-496
-477
-456
-432
-406
-383
-361
-341
-322
-307
-293
-279
-267
-258
-249
-242
-240
-242
-246
-253
-264
-274
-283
-290
-295
-296
-291
-284
-272
-255
-232
-205
-172
-133
-91
-45
4
55
105
154
203
250
293
334
374
412
447
481
512
538
556
568
572
567
556
544
530
516
508
504
504
507
514
523
529
534
537
535
530
524
519
513
508
506
504
500
495
487
477
463
449
436
425
415
409
407
405
404
404
402
397
389
378
363
345
326
305
278
248
214
175
131
83
33
-18
-69
-115
-156
-192
-221
-241
-256
-267
-275
-280
-287
-296
-306
-317
-330
-344
-357
-370
-383
-396
-407
-421
-437
-454
-473
-496
-520
-542
-563
-581
-592
-596
-594
-586
-573
-557
-541
-524
-506
-489
-473
-457
-441
-425
-410
-395
-378
-361
-342
-317
-290
-260
-226
-187
-149
-111
-74
-41
-14
5
18
24
25
23
23
24
28
37
51
68
87
110
134
158
184
211
241
274
314
362
417
478
546
618
689
761
831
898
961
1021
1075
1120
1155
1181
1195
1195
1187
1171
1150
1125
1101
1080
1060
1042
1029
1018
1009
1001
997
994
991
989
989
985
977
964
943
912
873
830
783
736
695
663
640
628
629
640
656
678
701
722
736
746
749
743
731
712
687
654
614
568
513
450
383
314
242
172
108
49
-5
-55
-98
-139
-178
-212
-241
-267
-289
-305
-318
-331
-342
-354
-368
-388
-412
-441
-476
-517
-558
-600
-639
-674
-703
-728
-752
-776
-802
-833
-870
-908
-947
-988
-1027
-1064
-1102
-1141
-1183
-1226
-1273
-1322
-1369
-1411
-1448
-1476
-1491
-1495
-1487
-1469
-1440
-1405
-1366
-1321
-1273
-1225
-1176
-1127
-1081
-1043
-1011
-988
-975
-971
-969
-966
-959
-943
-914
-873
-823
-766
-704
-643
-586
-530
-476
-424
-373
-318
-262
-207
-152
-98
-49
-6
32
65
89
106
118
125
124
119
111
100
85
70
56
41
26
15
5
-3
-10
-14
-19
-24
-30
-35
-42
-50
-56
-59
-61
-57
-46
-31
-12
11
36
60
83
108
133
161
194
236
287
346
413
487
560
629
692
745
783
807
818
816
800
772
732
680
618
551
481
411
348
294
249
212
182
158
135
112
91
71
53
39
32
30
31
36
44
49
52
54
53
50
47
46
46
44
39
28
8
-22
-59
-101
-145
-184
-214
-237
-253
-265
-276
-289
-306
-322
-333
-335
-321
-288
-236
-170
-95
-19
49
100
133
145
137
114
82
43
1
-40
-78
-115
-149
-178
-201
-219
-229
-228
-220
-203
-179
-148
-114
-80
-48
-22
-7
-3
-7
-15
-21
-15
10
58
132
233
356
492
633
773
905
1022
1122
1205
1265
1302
1316
1305
1268
1206
1128
1039
949
869
810
773
760
766
783
798
803
790
758
706
642
575
509
448
398
355
314
272
231
191
155
133
134
161
218
305
416
541
666
782
874
935
960
953
917
861
795
728
662
596
528
448
346
220
70
-101
-281
-454
-604
-723
-801
-837
-836
-808
-760
-702
-644
-592
-549
-517
-496
-485
-477
-469
-461
-450
-439
-433
-435
-444
-455
-460
-452
-420
-363
-290
-209
-136
-88
-76
-105
-173
-278
-410
-557
-711
-867
-1018
-1159
-1289
-1405
-1501
-1569
-1604
-1601
-1554
-1467
-1355
-1231
-1115
-1027
-983
-984
-1026
-1098
-1183
-1261
-1322
-1359
-1371
-1361
-1335
-1299
-1250
-1185
-1100
-988
-846
-672
-476
-265
-48
159
342
494
609
684
722
734
730
721
715
716
719
712
683
621
519
380
223
66
-71
-167
-211
-202
-152
-75
7
69
89
53
-45
-204
-409
-641
-876
-1095
-1282
-1431
-1548
-1642
-1724
-1800
-1874
-1936
-1976
-1980
-1939
-1848
-1711
-1540
-1354
-1165
-989
-836
-709
-606
-532
-490
-481
-508
-570
-661
-766
-866
-948
-1000
-1019
-1016
-1010
-1025
-1078
-1182
-1339
-1532
-1743
-1953
-2142
-2298
-2417
-2498
-2542
-2548
-2517
-2450
-2348
-2216
-2067
-1915
-1770
-1645
-1550
-1486
-1452
-1446
-1465
-1500
-1544
-1594
-1641
-1679
-1702
-1707
-1690
-1648
-1584
-1508
-1428
-1359
-1319
-1317
-1352
-1415
-1485
-1534
-1532
-1462
-1323
-1128
-907
-700
-539
-445
-420
-452
-517
-585
-639
-670
-678
-671
-662
-654
-642
-616
-564
-471
-327
-132
104
369
646
919
1173
1406
1615
1801
1969
2124
2268
2399
2519
2627
2722
2804
2881
2956
3033
3119
3216
3323
3432
3538
3632
3700
3734
3734
3699
3638
3562
3491
3438
3414
3427
3479
3562
3664
3775
3883
3973
4041
4088
4118
4140
4167
4207
4260
4317
4365
4384
4357
4277
4156
4012
3873
3771
3728
3751
3836
3969
4128
4286
4423
4525
4586
4608
4601
4581
4558
4537
4513
4469
4375
4206
3947
3598
3178
2728
2296
1923
1633
1433
1305
1215
1126
1009
849
644
413
181
-27
-188
-287
-319
-294
-228
-139
-51
17
57
71
65
51
44
48
61
76
88
91
86
83
94
131
199
302
430
568
694
790
837
821
739
597
407
189
-33
-233
-393
-499
-546
-540
-499
-441
-386
-356
-361
-401
-469
-555
-648
-740
-832
-930
-1042
-1170
-1310
-1446
-1550
-1591
-1544
-1392
-1134
-790
-396
9
387
709
959
1142
1273
1371
1458
1553
1663
1782
1900
1996
2046
2032
1947
1800
1608
1400
1208
1054
945
875
831
787
724
631
513
378
243
127
37
-33
-97
-176
-296
-474
-713
-1005
-1331
-1669
-1992
-2285
-2541
-2758
-2938
-3083
-3194
-3262
-3279
-3241
-3146
-2998
-2807
-2592
-2369
-2154
-1963
-1809
-1699
-1637
-1626
-1665
-1745
-1854
-1982
-2113
-2235
-2340
-2429
-2505
-2576
-2654
-2749
-2865
-3002
-3158
-3322
-3483
-3632
-3766
-3886
-3996
-4105
-4218
-4329
-4425
-4486
-4491
-4424
-4285
-4095
-3882
-3684
-3539
-3468
-3470
-3529
-3615
-3694
-3735
-3729
-3684
-3623
-3576
-3579
-3655
-3808
-4029
-4298
-4585
-4857
-5094
-5282
-5415
-5497
-5534
-5535
-5503
-5442
-5357
-5251
-5130
-5003
-4881
-4771
-4680
-4611
-4570
-4554
-4564
-4604
-4675
-4770
-4883
-5005
-5118
-5205
-5254
-5258
-5214
-5122
-4992
-4833
-4652
-4458
-4256
-4050
-3842
-3637
-3444
-3271
-3124
-3011
-2928
-2860
-2788
-2690
-2543
-2335
-2069
-1763
-1438
-1122
-840
-605
-415
-260
-125
10
162
336
532
744
960
1163
1340
1487
1604
1698
1787
1889
2020
2185
2379
2585
2772
2913
2990
2996
2939
2842
2732
2634
2562
2522
2513
2527
2555
2596
2652
2729
2841
3005
3235
3538
3916
4354
4824
5285
5695
6014
6211
6277
6222
6068
5845
5586
5318
5054
4796
4544
4289
4021
3738
3445
3148
2857
2586
2344
2137
1966
1834
1740
1680
1654
1660
1695
1754
1836
1936
2052
2178
2315
2455
2590
2708
2799
2855
2874
2867
2857
2865
2913
3013
3164
3347
3535
3705
3842
3944
4031
4131
4270
4465
4714
4998
5280
5519
5686
5765
5761
5702
5629
5586
5606
5708
5885
6101
6305
6441
6453
6309
6007
5579
5078
4566
4103
3725
3438
3224
3053
2894
2726
2550
2386
2261
2204
2235
2347
2508
2666
2764
2749
2596
2319
1971
1629
1368
1242
1257
1362
1467
1468
1277
846
186
-647
-1577
-2532
-3452
-4308
-5086
-5781
-6380
-6862
-7204
-7387
-7400
-7258
-6999
-6673
-6340
-6055
-5851
-5729
-5666
-5615
-5526
-5353
-5080
-4719
-4306
-3887
-3507
-3188
-2923
-2689
-2456
-2205
-1932
-1661
-1421
-1240
-1130
-1095
-1122
-1190
-1281
-1392
-1525
-1695
-1921
-2222
-2604
-3054
-3539
-4005
-4379
-4589
-4582
-4338
-3881
-3283
-2650
-2091
-1701
-1540
-1616
-1888
-2278
-2690
-3029
-3227
-3263
-3165
-3001
-2858
-2825
-2953
-3246
-3662
-4134
-4593
-4996
-5342
-5672
-6038
-6486
-7028
-7635
-8238
-8755
-9113
-9267
-9212
-8981
-8636
-8236
-7823
-7406
-6960
-6426
-5740
-4856
-3761
-2493
-1138
187
1364
2305
2968
3366
3562
3642
3685
3751
3863
4004
4131
4191
4140
3954
3639
3230
2777
2330
1929
1599
1338
1130
964
840
780
824
1023
1416
2008
2763
3608
4441
5158
5677
5958
6008
5888
5693
5530
5484
5597
5853
6177
6456
6574
6443
6029
5352
4482
3508
2504
1519
573
-329
-1187
-1975
-2648
-3153
-3445
-3502
-3343
-3031
-2652
-2293
-2021
-1864
-1796
-1747
-1621
-1323
-786
9
1017
2146
3282
4313
5159
5795
6251
6588
6879
7194
7571
8014
8497
8977
9400
9716
9890
9904
9756
9446
8985
8379
7624
6722
5681
4533
3337
2178
1161
376
-123
-334
-313
-162
2
77
-1
-246
-620
-1043
-1421
-1670
-1732
-1598
-1312
-960
-642
-453
-454
-653
-1009
-1455
-1926
-2382
-2823
-3287
-3822
-4457
-5185
-5956
-6689
-7292
-7702
-7903
-7928
-7854
-7779
-7788
-7917
-8145
-8390
-8528
-8422
-7967
-7117
-5904
-4431
-2852
-1328
12
1097
1916
2510
2945
3277
3538
3728
3820
3781
3587
3246
2791
2277
1765
1302
903
545
172
-285
-891
-1673
-2604
-3601
-4544
-5304
-5774
-5902
-5700
-5234
-4598
-3896
-3204
-2559
-1959
-1375
-765
-91
653
1445
2228
2930
3476
3813
3930
3859
3661
3406
3153
2917
2673
2369
1953
1395
708
-48
-787
-1429
-1923
-2261
-2487
-2684
-2934
-3294
-3771
-4317
-4827
-5173
-5239
-4947
-4283
-3301
-2109
-838
399
1527
2524
3417
4255
5078
5901
6709
7452
8070
8511
8754
8806
8701
8491
8222
7916
7567
7144
6594
5862
4918
3769
2471
1118
-172
-1284
-2143
-2724
-3051
-3192
-3230
-3240
-3265
-3319
-3381
-3403
-3334
-3132
-2778
-2281
-1687
-1067
-499
-45
257
408
440
394
297
147
-91
-471
-1046
-1835
-2807
-3888
-4975
-5964
-6780
-7401
-7862
-8237
-8614
-9067
-9620
-10236
-10822
-11252
-11396
-11158
-10510
-9495
-8221
-6830
-5463
-4224
-3155
-2251
-1467
-752
-69
587
1186
1686
2045
2236
2262
2155
1955
1701
1417
1100
720
232
-407
-1219
-2193
-3272
-4362
-5353
-6149
-6689
-6960
-7007
-6911
-6760
-6630
-6569
-6576
-6613
-6615
-6513
-6244
-5776
-5120
-4330
-3487
-2688
-2021
-1539
-1249
-1123
-1114
-1174
-1282
-1453
-1723
-2133
-2698
-3394
-4152
-4871
-5448
-5810
-5935
-5861
-5680
-5505
-5438
-5531
-5778
-6099
-6368
-6447
-6223
-5641
-4717
-3534
-2212
-866
419
1610
2725
3815
4934
6111
7343
8588
9778
10840
11717
12384
12841
13117
13253
13278
13204
13014
12672
12131
11355
10344
9140
7828
6521
5333
4351
3610
3096
2751
2492
2235
1925
1546
1120
705
380
220
273
548
1007
1570
2133
2601
2909
3037
3007
2875
2692
2490
2268
1997
1639
1168
596
-27
-625
-1118
-1441
-1578
-1566
-1481
-1416
-1454
-1632
-1927
-2252
-2487
-2506
-2213
-1577
-642
491
1696
2855
3888
4777
5550
6261
6962
7681
8410
9104
9704
10158
10433
10528
10474
10318
10104
9858
9581
9244
8793
8177
7365
6364
5226
4050
2952
2034
1363
949
748
673
626
524
318
0
-394
-796
-1133
-1344
-1393
-1284
-1062
-798
-569
-437
-437
-559
-762
-998
-1228
-1441
-1657
-1923
-2281
-2751
-3318
-3931
-4516
-4999
-5337
-5529
-5623
-5698
-5850
-6147
-6609
-7197
-7813
-8324
-8593
-8521
-8074
-7287
-6257
-5113
-3980
-2941
-2034
-1246
-531
164
873
1600
2323
3002
3591
4060
4403
4633
4772
4842
4855
4795
4624
4294
3762
3004
2037
927
-228
-1315
-2234
-2924
-3380
-3650
-3818
-3981
-4223
-4592
-5088
-5668
-6257
-6767
-7116
-7257
-7187
-6942
-6598
-6246
-5965
-5801
-5761
-5816
-5924
-6042
-6159
-6293
-6482
-6768
-7175
-7696
-8279
-8848
-9327
-9655
-9807
-9811
-9731
-9646
-9622
-9689
-9821
-9940
-9933
-9693
-9145
-8275
-7140
-5854
-4548
-3342
-2312
-1477
-803
-226
319
878
1468
2069
2643
3149
3565
3885
4127
4324
4505
4682
4842
4948
4942
4763
4376
3787
3043
2234
1473
858
450
258
240
315
386
371
221
-69
-462
-886
-1257
-1499
-1570
-1465
-1229
-944
-699
-570
-598
-778
-1061
-1380
-1672
-1901
-2061
-2176
-2286
-2414
-2558
-2690
-2757
-2703
-2496
-2145
-1704
-1262
-921
-768
-837
-1096
-1451
-1764
-1887
-1706
-1173
-320
761
1941
3089
4116
4987
5715
6350
6953
7568
8208
8856
9475
10021
10460
10779
10992
11124
11206
11255
11269
11210
11023
10647
10037
9184
8130
6961
5788
4715
3820
3133
2626
2234
1876
1479
996
423
-202
-813
-1337
-1709
-1897
-1910
-1802
-1649
-1531
-1513
-1616
-1819
-2072
-2319
-2515
-2650
-2751
-2870
-3057
-3340
-3712
-4120
-4482
-4715
-4760
-4606
-4293
-3914
-3581
-3388
-3386
-3557
-3818
-4035
-4071
-3824
-3256
-2405
-1375
-299
706
1561
2240
2773
3218
3632
4045
4456
4831
5119
5276
5282
5151
4925
4661
4415
4219
4067
3918
3707
3363
2840
2139
1316
464
-303
-882
-1213
-1298
-1184
-962
-735
-593
-590
-736
-1001
-1321
-1614
-1811
-1869
-1782
-1586
-1350
-1151
-1050
-1073
-1208
-1411
-1624
-1804
-1936
-2037
-2147
-2311
-2556
-2874
-3218
-3521
-3711
-3737
-3592
-3321
-3010
-2758
-2653
-2737
-2984
-3304
-3568
-3639
-3416
-2865
-2029
-1012
60
1064
1926
2630
3211
3733
4259
4827
5434
6037
6578
6999
7262
7364
7337
7237
7120
7023
6951
6869
6710
6398
5881
5144
4230
3229
2259
1425
801
407
207
121
54
-77
-326
-709
-1190
-1705
-2174
-2521
-2693
-2678
-2505
-2240
-1959
-1735
-1615
-1613
-1712
-1883
-2102
-2358
-2664
-3051
-3544
-4146
-4829
-5530
-6159
-6624
-6862
-6854
-6636
-6296
-5950
-5703
-5622
-5708
-5899
-6081
-6121
-5918
-5428
-4674
-3737
-2735
-1779
-942
-250
315
803
1267
1735
2205
2647
3012
3251
3336
3271
3087
2837
2577
2350
2166
1998
1793
1489
1039
430
-298
-1068
-1785
-2357
-2728
-2889
-2882
-2776
-2658
-2604
-2663
-2844
-3123
-3449
-3754
-3978
-4082
-4064
-3952
-3804
-3688
-3657
-3735
-3911
-4148
-4395
-4609
-4773
-4901
-5027
-5193
-5429
-5735
-6069
-6367
-6554
-6570
-6394
-6056
-5634
-5226
-4928
-4796
-4823
-4934
-5006
-4908
-4538
-3853
-2886
-1734
-516
651
1691
2583
3360
4078
4792
5533
6295
7036
7696
8221
8582
8780
8852
8855
8846
8854
8873
8860
8737
8424
7869
7072
6084
5010
3977
3099
2446
2032
1816
1711
1614
1439
1133
684
128
-464
-1009
-1430
-1678
-1743
-1658
-1489
-1310
-1184
-1147
-1200
-1314
-1452
-1586
-1711
-1845
-2024
-2284
-2638
-3061
-3494
-3851
-4043
-4005
-3722
-3233
-2629
-2025
-1533
-1220
-1089
-1075
-1066
-933
-575
50
915
1938
3008
4017
4898
5633
6245
6783
7294
7801
8290
8722
9042
9204
9184
8995
8683
8313
7948
7633
7375
7141
6867
6489
5959
5269
4467
3640
2889
2304
1941
1803
1837
1961
2081
2112
2001
1734
1344
886
432
53
-207
-339
-370
-351
-342
-395
-532
-746
-1008
-1286
-1555
-1814
-2090
-2424
-2854
-3397
-4037
-4719
-5354
-5855
-6153
-6219
-6083
-5825
-5558
-5384
-5373
-5529
-5788
-6031
-6127
-5971
-5509
-4758
-3797
-2737
-1684
-713
143
898
1592
2266
2942
3615
4256
4814
5248
5532
5669
5686
5629
5547
5468
5390
5281
5083
4734
4197
3474
2617
1713
864
162
-339
-639
-779
-835
-896
-1038
-1304
-1700
-2195
-2724
-3207
-3573
-3777
-3809
-3700
-3518
-3339
-3232
-3241
-3377
-3626
-3952
-4325
-4733
-5178
-5676
-6249
-6901
-7604
-8304
-8924
-9379
-9601
-9567
-9307
-8898
-8453
-8085
-7873
-7835
-7918
-8020
-8011
-7780
-7267
-6479
-5485
-4386
-3292
-2284
-1399
-631
53
690
1306
1899
2438
2885
3205
3378
3416
3358
3264
3187
3165
3199
3253
3259
3145
2860
2390
1773
1094
457
-42
-338
-411
-297
-72
174
353
400
290
42
-290
-632
-913
-1078
-1109
-1028
-883
-733
-633
-611
-667
-775
-903
-1027
-1140
-1258
-1420
-1661
-1998
-2421
-2883
-3307
-3607
-3718
-3615
-3322
-2917
-2512
-2213
-2086
-2136
-2297
-2450
-2457
-2209
-1654
-805
256
1416
2563
3621
4561
5397
6177
6950
7739
8536
9303
9982
10513
10859
11019
11022
10924
10785
10649
10520
10363
10119
9717
9108
8289
7312
6266
5261
4399
3744
3304
3037
2867
2703
2460
2089
1584
978
336
-259
-733
-1040
-1172
-1158
-1055
-934
-852
-840
-907
-1038
-1207
-1395
-1600
-1838
-2133
-2506
-2966
-3485
-4004
-4447
-4732
-4798
-4623
-4243
-3743
-3236
-2831
-2603
-2559
-2638
-2725
-2692
-2426
-1872
-1047
-29
1072
2144
3103
3914
4585
5153
5655
6115
6529
6866
7082
7140
7027
6756
6375
5952
5555
5225
4969
4755
4516
4180
3696
3060
2311
1535
836
306
-3
-86
8
193
371
457
394
170
-184
-602
-1001
-1308
-1471
-1478
-1355
-1160
-959
-811
-755
-800
-933
-1129
-1370
-1650
-1980
-2383
-2880
-3473
-4133
-4806
-5414
-5872
-6117
-6126
-5929
-5604
-5261
-5010
-4922
-5006
-5207
-5417
-5506
-5367
-4943
-4243
-3331
-2308
-1275
-304
577
1377
2126
2859
3589
4300
4950
5489
5869
6062
6077
5955
5754
5536
5346
5193
5045
4845
4528
4045
3385
2585
1723
893
181
-352
-691
-868
-946
-998
-1095
-1282
-1567
-1918
-2281
-2586
-2770
-2800
-2681
-2458
-2198
-1980
-1871
-1908
-2095
-2410
-2816
-3275
-3762
-4275
-4821
-5410
-6043
-6700
-7333
-7872
-8248
-8405
-8324
-8036
-7624
-7200
-6870
-6708
-6724
-6858
-6996
-7006
-6778
-6255
-5449
-4439
-3340
-2260
-1284
-446
266
895
1482
2054
2610
3117
3526
3790
3882
3808
3604
3331
3056
2826
2651
2506
2339
2084
1699
1183
576
-44
-581
-953
-1118
-1082
-898
-653
-447
-368
-465
-746
-1175
-1676
-2159
-2541
-2769
-2830
-2752
-2594
-2427
-2307
-2268
-2315
-2427
-2569
-2718
-2867
-3031
-3237
-3519
-3894
-4345
-4823
-5255
-5554
-5650
-5512
-5169
-4699
-4215
-3830
-3621
-3593
-3683
-3775
-3730
-3432
-2824
-1923
-803
426
1652
2799
3839
4787
5680
6558
7439
8307
9116
9809
10330
10648
10766
10727
10595
10436
10296
10187
10074
9894
9576
9070
8364
7496
6544
5608
4775
4102
3605
3249
2968
2685
2332
1867
1287
630
-32
-622
-1071
-1336
-1417
-1356
-1218
-1072
-980
-974
-1055
-1201
-1384
-1578
-1772
-1981
-2229
-2542
-2927
-3370
-3824
-4215
-4463
-4504
-4313
-3914
-3385
-2837
-2379
-2082
-1957
-1949
-1947
-1823
-1477
-859
12
1056
2161
3222
4167
4972
5652
6255
6823
7377
7905
8371
8716
8888
8862
8650
8300
7888
7495
7179
6957
6802
6655
6441
6102
5617
5014
4355
3723
3197
2825
2612
2524
2498
2460
2341
2104
1750
1313
859
465
198
93
148
324
557
774
916
953
879
711
480
209
-97
-447
-862
-1364
-1961
-2633
-3327
-3971
-4483
-4793
-4873
-4751
-4504
-4242
-4074
-4078
-4264
-4572
-4887
-5081
-5037
-4696
-4069
-3225
-2266
-1293
-380
443
1190
1895
2591
3297
4000
4660
5221
5635
5875
5945
5885
5755
5616
5508
5435
5365
5232
4967
4524
3893
3111
2255
1421
697
143
-222
-421
-513
-570
-662
-836
-1110
-1462
-1837
-2174
-2414
-2525
-2508
-2403
-2273
-2185
-2193
-2327
-2583
-2930
-3328
-3744
-4158
-4570
-5005
-5489
-6037
-6640
-7261
-7833
-8275
-8518
-8533
-8340
-8011
-7655
-7380
-7261
-7310
-7476
-7654
-7717
-7563
-7142
-6468
-5608
-4663
-3730
-2870
-2104
-1418
-776
-142
493
1110
1662
2094
2353
2413
2291
2037
1728
1441
1236
1131
1099
1081
1010
828
512
88
-384
-829
-1176
-1378
-1432
-1374
-1271
-1200
-1233
-1414
-1745
-2185
-2665
-3100
-3413
-3562
-3543
-3391
-3166
-2935
-2756
-2655
-2633
-2668
-2732
-2802
-2873
-2964
-3103
-3318
-3624
-4011
-4432
-4815
-5081
-5166
-5041
-4730
-4314
-3898
-3584
-3438
-3468
-3606
-3738
-3737
-3498
-2967
-2163
-1159
-57
1047
2087
3040
3920
4765
5606
6454
7294
8081
8754
9263
9581
9716
9707
9622
9526
9462
9433
9408
9322
9104
8704
8113
7364
6527
5692
4940
4325
3859
3520
3253
2990
2668
2253
1740
1160
575
57
-337
-573
-651
-606
-494
-376
-297
-280
-326
-415
-521
-632
-751
-896
-1096
-1380
-1759
-2213
-2692
-3120
-3409
-3487
-3325
-2950
-2436
-1895
-1437
-1139
-1012
-1004
-1012
-918
-621
-80
686
1607
2584
3522
4360
5078
5693
6237
6744
7227
7672
8039
8285
8374
8293
8066
7751
7420
7138
6946
6846
6792
6713
6534
6202
5698
5053
4336
3632
3019
2551
2246
2079
1995
1928
1813
1608
1306
938
564
249
52
7
106
305
544
755
886
908
827
667
458
224
-25
-303
-635
-1048
-1553
-2143
-2774
-3376
-3871
-4196
-4325
-4278
-4129
-3979
-3925
-4027
-4288
-4647
-4994
-5207
-5191
-4899
-4347
-3606
-2770
-1928
-1138
-422
234
866
1507
2168
2834
3468
4016
4427
4674
4762
4725
4616
4493
4391
4307
4207
4036
3730
3251
2599
1818
985
193
-468
-939
-1202
-1280
-1233
-1139
-1082
-1117
-1267
-1518
-1823
-2119
-2345
-2467
-2483
-2419
-2322
-2249
-2238
-2307
-2451
-2651
-2879
-3121
-3379
-3670
-4020
-4454
-4982
-5585
-6208
-6776
-7206
-7428
-7416
-7197
-6852
-6487
-6210
-6092
-6140
-6295
-6452
-6491
-6310
-5863
-5170
-4300
-3346
-2401
-1529
-752
-58
584
1202
1808
2387
2897
3286
3514
3562
3448
3225
2969
2752
2620
2587
2621
2659
2631
2486
2205
1808
1353
913
556
325
232
251
323
377
352
206
-67
-430
-820
-1166
-1407
-1507
-1468
-1326
-1137
-955
-823
-758
-752
-778
-809
-830
-844
-872
-955
-1134
-1430
-1840
-2325
-2812
-3217
-3465
-3521
-3396
-3151
-2880
-2679
-2608
-2671
-2815
-2940
-2929
-2695
-2198
-1457
-540
460
1457
2395
3257
4055
4824
5596
6379
7155
7881
8503
8971
9258
9375
9362
9279
9183
9113
9069
9012
8883
8621
8179
7550
6769
5904
5036
4243
3581
3069
2687
2385
2100
1768
1345
829
249
-337
-862
-1262
-1506
-1596
-1567
-1472
-1372
-1312
-1314
-1377
-1486
-1619
-1763
-1919
-2107
-2354
-2686
-3115
-3625
-4165
-4660
-5027
-5198
-5138
-4871
-4466
-4024
-3641
-3385
-3269
-3240
-3207
-3068
-2744
-2203
-1472
-624
250
1070
1785
2382
2886
3340
3781
4226
4669
5076
5398
5598
5661
5599
5455
5288
5154
5082
5064
5061
5010
4844
4520
4034
3418
2736
2071
1497
1067
799
677
652
659
637
545
372
137
-112
-317
-432
-431
-318
-125
97
299
448
529
547
524
482
429
360
252
74
-209
-612
-1123
-1701
-2277
-2773
-3122
-3297
-3314
-3237
-3153
-3151
-3286
-3555
-3901
-4230
-4433
-4427
-4179
-3711
-3083
-2376
-1664
-989
-355
262
896
1579
2318
3088
3836
4499
5022
5367
5537
5567
5507
5409
5309
5209
5082
4879
4557
4091
3486
2788
2066
1401
861
491
299
252
289
335
321
200
-37
-362
-718
-1042
-1275
-1387
-1380
-1289
-1165
-1058
-1011
-1039
-1134
-1274
-1438
-1608
-1783
-1985
-2245
-2595
-3051
-3607
-4221
-4822
-5332
-5683
-5843
-5822
-5685
-5520
-5413
-5422
-5550
-5746
-5913
-5952
-5784
-5379
-4761
-3998
-3180
-2384
-1660
-1022
-453
85
623
1169
1707
2199
2595
2853
2958
2931
2815
2675
2568
2529
2551
2597
2611
2530
2313
1954
1484
959
447
16
-292
-470
-543
-559
-587
-687
-895
-1213
-1610
-2030
-2404
-2677
-2817
-2824
-2726
-2570
-2404
-2258
-2147
-2066
-2000
-1933
-1861
-1800
-1780
-1841
-2019
-2335
-2773
-3287
-3801
-4233
-4509
-4595
-4509
-4309
-4083
-3918
-3867
-3926
-4037
-4107
-4033
-3738
-3193
-2431
-1520
-548
409
1302
2126
2908
3687
4495
5344
6213
7051
7796
8395
8819
9071
9188
9228
9241
9257
9275
9260
9156
8907
8483
7885
7146
6333
5526
4794
4183
3710
3354
3062
2773
2433
2008
1499
943
399
-68
-408
-594
-636
-576
-469
-366
-306
-303
-350
-423
-505
-585
-669
-779
-953
-1221
-1595
-2059
-2563
-3029
-3371
-3520
-3448
-3172
-2757
-2301
-1899
-1610
-1445
-1361
-1274
-1091
-747
-221
463
1236
2016
2731
3345
3857
4298
4714
5149
5619
6109
6582
6985
7271
7416
7432
7355
7236
7123
7043
6986
6911
6765
6498
6079
5513
4845
4142
3482
2936
2550
2333
2256
2263
2284
2251
2121
1886
1572
1228
914
686
570
563
637
751
859
929
951
929
878
811
735
636
484
244
-116
-614
-1235
-1928
-2617
-3219
-3663
-3914
-3988
-3948
-3883
-3881
-4000
-4246
-4569
-4879
-5080
-5096
-4894
-4491
-3945
-3329
-2705
-2110
-1547
-986
-391
263
979
1724
2440
3055
3508
3771
3846
3773
3614
3429
3255
3098
2933
2716
2400
1959
1398
752
83
-534
-1033
-1373
-1544
-1576
-1526
-1471
-1478
-1590
-1820
-2143
-2507
-2847
-3113
-3275
-3332
-3313
-3264
-3227
-3231
-3287
-3391
-3520
-3658
-3799
-3951
-4141
-4406
-4779
-5275
-5876
-6532
-7168
-7697
-8047
-8188
-8136
-7953
-7729
-7553
-7479
-7511
-7600
-7662
-7603
-7356
-6899
-6264
-5515
-4737
-4007
-3367
-2820
-2340
-1884
-1410
-900
-368
149
603
951
1172
1278
1311
1325
1366
1461
1602
1748
1845
1841
1704
1433
1059
646
262
-30
-188
-203
-109
34
157
192
99
-126
-448
-805
-1127
-1350
-1438
-1391
-1238
-1023
-794
-585
-411
-268
-143
-26
88
183
225
173
-8
-334
-791
-1327
-1862
-2310
-2602
-2702
-2625
-2434
-2218
-2059
-2010
-2073
-2195
-2283
-2243
-2004
-1537
-862
-44
836
1711
2536
3300
4027
4752
5503
6287
7081
7839
8504
9027
9388
9602
9708
9763
9816
9889
9969
10011
9958
9751
9356
8780
8062
7269
6483
5779
5208
4779
4471
4232
3994
3697
3308
2824
2277
1722
1225
838
584
460
437
469
509
526
506
448
362
263
151
15
-171
-436
-807
-1292
-1866
-2473
-3036
-3471
-3707
-3715
-3518
-3179
-2790
-2444
-2205
-2084
-2042
-2010
-1908
-1673
-1287
-774
-191
394
925
1373
1749
2092
2449
2856
3327
3842
4349
4789
5112
5291
5331
5272
5168
5063
4981
4919
4842
4701
4451
4072
3570
2982
2372
1812
1363
1064
921
903
950
994
973
848
614
302
-31
-323
-523
-599
-554
-418
-234
-45
116
231
299
333
340
323
271
159
-48
-377
-836
-1407
-2038
-2656
-3178
-3543
-3728
-3754
-3688
-3624
-3647
-3804
-4094
-4460
-4809
-5038
-5070
-4873
-4461
-3888
-3231
-2558
-1906
-1287
-681
-54
619
1339
2078
2785
3398
3864
4158
4292
4307
4256
4193
4146
4111
4056
3936
3709
3351
2866
2295
1699
1146
701
406
265
246
295
341
317
182
-69
-410
-787
-1136
-1403
-1559
-1606
-1570
-1492
-1415
-1371
-1371
-1412
-1484
-1572
-1672
-1798
-1977
-2242
-2623
-3131
-3748
-4418
-5067
-5613
-5986
-6154
-6132
-5983
-5789
-5634
-5574
-5615
-5712
-5791
-5772
-5593
-5231
-4712
-4097
-3457
-2854
-2323
-1865
-1445
-1020
-554
-35
519
1062
1535
1892
2111
2204
2213
2196
2202
2254
2345
2440
2486
2429
2240
1918
1492
1017
562
187
-71
-206
-244
-242
-265
-370
-587
-918
-1327
-1755
-2135
-2414
-2566
-2589
-2512
-2379
-2229
-2093
-1986
-1907
-1843
-1786
-1737
-1712
-1741
-1866
-2120
-2517
-3037
-3631
-4223
-4726
-5072
-5231
-5218
-5090
-4930
-4818
-4798
-4866
-4972
-5034
-4964
-4696
-4214
-3541
-2739
-1886
-1052
-273
447
1135
1831
2570
3363
4186
4991
5719
6320
6764
7063
7255
7389
7507
7631
7748
7818
7787
7609
7255
6728
6065
5331
4599
3935
3389
2973
2666
2421
2180
1888
1512
1054
546
40
-406
-745
-956
-1047
-1050
-1005
-955
-931
-944
-988
-1052
-1123
-1196
-1279
-1400
-1590
-1872
-2252
-2709
-3189
-3612
-3901
-3992
-3862
-3534
-3083
-2602
-2181
-1879
-1709
-1628
-1562
-1430
-1169
-754
-202
431
1081
1691
2234
2713
3161
3625
4139
4710
5316
5907
6421
6807
7044
7144
7148
7110
7081
7083
7106
7113
7055
6882
6566
6112
5558
4961
4395
3927
3597
3412
3345
3344
3339
3271
3106
2840
2504
2152
1848
1638
1545
1564
1663
1798
1922
2006
2039
2024
1979
1926
1872
1809
1711
1542
1264
857
330
-274
-892
-1448
-1877
-2152
-2291
-2349
-2405
-2535
-2780
-3133
-3536
-3905
-4144
-4180
-3984
-3576
-3014
-2371
-1719
-1104
-533
16
575
1173
1820
2490
3130
3682
4095
4343
4438
4421
4349
4268
4205
4158
4092
3959
3713
3330
2810
2186
1520
887
350
-46
-291
-409
-457
-501
-602
-803
-1113
-1501
-1918
-2306
-2615
-2816
-2911
-2924
-2893
-2857
-2846
-2878
-2950
-3051
-3172
-3308
-3468
-3678
-3972
-4379
-4907
-5538
-6225
-6890
-7451
-7845
-8042
-8056
-7949
-7804
-7704
-7696
-7786
-7933
-8061
-8084
-7941
-7607
-7100
-6474
-5803
-5150
-4553
-4016
-3514
-3004
-2451
-1842
-1198
-561
14
477
809
1023
1160
1271
1401
1574
1775
1965
2091
2102
1962
1669
1256
780
310
-87
-366
-516
-560
-544
-529
-573
-708
-934
-1222
-1521
-1770
-1923
-1956
-1873
-1699
-1472
-1235
-1016
-829
-673
-541
-421
-313
-234
-218
-302
-522
-897
-1414
-2023
-2649
-3209
-3625
-3859
-3918
-3851
-3732
-3633
-3603
-3645
-3716
-3745
-3652
-3376
-2891
-2220
-1420
-558
299
1111
1873
2609
3357
4145
4983
5851
6701
7474
8123
8628
8994
9256
9462
9647
9821
9968
10047
10003
9786
9373
8772
8021
7190
6360
5606
4979
4497
4148
3883
3643
3372
3034
2621
2157
1691
1273
945
727
615
579
579
575
537
451
318
158
-15
-191
-374
-581
-843
-1187
-1622
-2131
-2672
-3176
-3567
-3788
-3817
-3676
-3428
-3160
-2956
-2864
-2888
-2986
-3083
-3090
-2941
-2609
-2109
-1491
-827
-180
412
943
1436
1925
2446
3007
3586
4140
4616
4971
5185
5277
5290
5272
5264
5287
5324
5333
5261
5059
4698
4177
3534
2833
2147
1546
1082
772
597
512
459
377
228
3
-276
-568
-824
-1001
-1080
-1064
-977
-851
-723
-619
-545
-494
-451
-405
-352
-310
-313
-409
-636
-1018
-1548
-2184
-2852
-3473
-3981
-4337
-4551
-4675
-4780
-4931
-5168
-5487
-5835
-6130
-6286
-6240
-5962
-5474
-4837
-4125
-3407
-2728
-2099
-1499
-891
-245
446
1164
1862
2482
2981
3340
3573
3716
3819
3925
4047
4172
4262
4266
4135
3842
3393
2825
2200
1593
1075
691
453
341
306
282
210
54
-191
-503
-833
-1127
-1342
-1457
-1475
-1420
-1332
-1251
-1204
-1202
-1244
-1313
-1390
-1471
-1566
-1699
-1906
-2221
-2662
-3213
-3829
-4440
-4968
-5346
-5547
-5591
-5533
-5452
-5425
-5496
-5661
-5876
-6065
-6142
-6042
-5742
-5265
-4667
-4020
-3394
-2829
-2329
-1868
-1406
-904
-346
252
850
1397
1854
2202
2452
2645
2825
3024
3253
3493
3698
3807
3770
3555
3161
2624
2009
1394
849
427
148
-6
-82
-141
-241
-420
-688
-1016
-1356
-1656
-1867
-1962
-1938
-1819
-1638
-1434
-1238
-1065
-916
-783
-660
-550
-469
-452
-541
-770
-1152
-1674
-2285
-2907
-3457
-3869
-4109
-4190
-4163
-4106
-4086
-4142
-4274
-4436
-4551
-4539
-4340
-3933
-3336
-2607
-1819
-1035
-292
405
1079
1773
2521
3329
4177
5019
5797
6459
6986
7386
7691
7942
8173
8396
8588
8708
8701
8518
8129
7541
6798
5966
5128
4365
3733
3255
2917
2675
2470
2240
1947
1581
1160
724
322
-4
-238
-382
-457
-499
-544
-614
-714
-832
-950
-1045
-1107
-1146
-1190
-1275
-1438
-1701
-2054
-2454
-2838
-3135
-3286
-3269
-3106
-2857
-2597
-2401
-2311
-2325
-2395
-2448
-2403
-2196
-1801
-1240
-568
145
832
1450
1991
2478
2949
3438
3960
4505
5034
5502
5874
6138
6306
6415
6509
6617
6745
6873
6959
6944
6780
6442
5936
5303
4609
3938
3360
2927
2657
2530
2495
2484
2435
2303
2075
1769
1430
1111
855
693
633
657
733
832
927
1004
1067
1124
1184
1242
1279
1262
1144
885
470
-91
-752
-1440
-2074
-2590
-2958
-3191
-3335
-3464
-3641
-3901
-4237
-4603
-4923
-5115
-5118
-4910
-4511
-3975
-3374
-2775
-2218
-1709
-1231
-747
-226
342
937
1520
2042
2463
2768
2972
3110
3223
3343
3480
3616
3707
3700
3548
3224
2733
2114
1435
771
194
-243
-522
-666
-723
-756
-829
-985
-1234
-1558
-1918
-2265
-2557
-2768
-2901
-2974
-3015
-3060
-3130
-3231
-3353
-3481
-3600
-3704
-3805
-3934
-4132
-4430
-4848
-5375
-5962
-6543
-7043
-7407
-7607
-7663
-7629
-7578
-7574
-7655
-7820
-8023
-8191
-8251
-8148
-7859
-7405
-6842
-6238
-5653
-5123
-4651
-4208
-3751
-3246
-2680
-2064
-1439
-854
-346
72
411
702
982
1280
1599
1915
2182
2347
2358
2191
1854
1386
848
318
-134
-462
-654
-728
-735
-736
-786
-918
-1135
-1411
-1698
-1943
-2104
-2160
-2109
-1972
-1787
-1587
-1397
-1228
-1081
-945
-812
-689
-597
-567
-640
-850
-1208
-1691
-2247
-2799
-3268
-3592
-3746
-3751
-3661
-3546
-3475
-3484
-3568
-3681
-3753
-3706
-3481
-3057
-2451
-1714
-912
-106
665
1398
2115
2850
3633
4472
5346
6206
7004
7696
8260
8706
9062
9367
9644
9902
10119
10252
10247
10061
9672
9090
8360
7557
6764
6056
5488
5081
4813
4632
4473
4276
3995
3618
3166
2676
2194
1760
1401
1117
893
704
529
350
168
-2
-143
-244
-303
-339
-388
-495
-698
-1014
-1430
-1901
-2355
-2720
-2941
-2997
-2907
-2728
-2534
-2391
-2335
-2366
-2441
-2491
-2444
-2250
-1892
-1389
-797
-186
387
889
1317
1702
2089
2515
2992
3507
4024
4493
4876
5158
5352
5490
5608
5738
5889
6037
6141
6147
6008
5695
5217
4613
3948
3300
2742
2324
2058
1924
1871
1830
1741
1564
1293
951
580
237
-33
-203
-270
-251
-177
-83
7
83
145
201
257
308
331
288
139
-151
-598
-1178
-1838
-2504
-3099
-3562
-3869
-4039
-4126
-4196
-4313
-4512
-4786
-5089
-5351
-5499
-5474
-5256
-4865
-4354
-3788
-3229
-2715
-2247
-1799
-1333
-819
-244
373
988
1553
2030
2402
2680
2896
3093
3298
3519
3738
3911
3982
3901
3645
3217
2659
2039
1440
937
579
383
325
347
377
354
234
3
-318
-685
-1052
-1375
-1628
-1806
-1927
-2015
-2092
-2174
-2262
-2345
-2408
-2441
-2453
-2465
-2515
-2652
-2913
-3310
-3822
-4399
-4964
-5437
-5762
-5920
-5931
-5850
-5755
-5714
-5765
-5908
-6105
-6289
-6387
-6343
-6138
-5785
-5331
-4837
-4358
-3919
-3519
-3128
-2706
-2218
-1655
-1041
-416
171
677
1089
1421
1708
1988
2293
2629
2974
3274
3471
3512
3360
3018
2523
1942
1354
836
443
195
70
22
-10
-85
-241
-484
-790
-1121
-1425
-1660
-1801
-1850
-1824
-1750
-1661
-1577
-1504
-1434
-1360
-1274
-1179
-1100
-1079
-1158
-1375
-1742
-2239
-2811
-3379
-3868
-4216
-4399
-4436
-4382
-4306
-4269
-4307
-4419
-4560
-4662
-4656
-4487
-4132
-3608
-2967
-2269
-1568
-898
-261
369
1031
1749
2530
3351
4166
4920
5572
6106
6528
6866
7159
7435
7701
7933
8092
8123
7980
7640
7114
6448
5710
4987
4356
3868
3535
3336
3214
3098
2924
2653
2270
1794
1266
737
249
-172
-516
-793
-1023
-1223
-1400
-1552
-1666
-1726
-1723
-1668
-1592
-1537
-1555
-1691
-1958
-2334
-2766
-3178
-3491
-3647
-3629
-3460
-3196
-2913
-2679
-2536
-2484
-2487
-2486
-2410
-2210
-1868
-1403
-859
-298
226
687
1092
1471
1866
2310
2817
3365
3911
4411
4828
5145
5376
5558
5731
5923
6145
6376
6569
6667
6621
6399
6001
5465
4859
4259
3740
3353
3115
3003
2965
2936
2857
2690
2428
2097
1739
1404
1139
967
890
887
932
996
1057
1111
1168
1238
1326
1426
1511
1536
1448
1212
813
272
-354
-985
-1542
-1966
-2236
-2370
-2424
-2467
-2561
-2740
-2999
-3296
-3562
-3728
-3743
-3585
-3272
-2856
-2399
-1956
-1555
-1194
-845
-463
-19
493
1053
1619
2137
2567
2892
3127
3301
3457
3628
3823
4021
4178
4240
4155
3892
3456
2890
2258
1644
1126
754
539
455
446
438
365
184
-115
-511
-964
-1417
-1827
-2168
-2433
-2636
-2801
-2951
-3098
-3240
-3366
-3460
-3512
-3527
-3536
-3581
-3711
-3966
-4357
-4860
-5415
-5948
-6382
-6662
-6775
-6749
-6647
-6545
-6510
-6584
-6761
-6996
-7225
-7371
-7376
-7216
-6908
-6497
-6041
-5596
-5192
-4826
-4466
-4076
-3621
-3091
-2503
-1898
-1321
-807
-371
-2
332
670
1036
1434
1839
2202
2458
2552
2450
2151
1689
1134
570
77
-290
-507
-593
-598
-585
-613
-720
-920
-1190
-1489
-1770
-1994
-2134
-2190
-2180
-2132
-2067
-2003
-1940
-1867
-1766
-1631
-1470
-1313
-1204
-1200
-1341
-1638
-2067
-2573
-3073
-3487
-3757
-3866
-3833
-3716
-3588
-3512
-3520
-3610
-3741
-3843
-3844
-3688
-3354
-2855
-2237
-1561
-882
-229
399
1022
1678
2391
3161
3963
4751
5475
6093
6591
6982
7300
7586
7874
8173
8465
8704
8837
8811
8596
8192
7639
7006
6373
5818
5394
5115
4953
4854
4747
4565
4265
3839
3307
2715
2119
1569
1095
706
392
134
-92
-299
-483
-633
-734
-777
-768
-737
-728
-792
-966
-1263
-1659
-2096
-2496
-2787
-2916
-2868
-2673
-2397
-2115
-1897
-1786
-1784
-1854
-1931
-1949
-1852
-1616
-1254
-812
-346
93
478
810
1122
1451
1825
2255
2723
3191
3613
3957
4214
4399
4548
4705
4901
5142
5405
5643
5792
5793
5607
5232
4699
4072
3437
2873
2435
2147
1992
1922
1871
1780
1609
1346
1006
633
273
-32
-257
-399
-471
-502
-513
-519
-523
-516
-482
-415
-329
-253
-236
-329
-573
-977
-1513
-2121
-2721
-3232
-3597
-3801
-3869
-3856
-3837
-3878
-4014
-4242
-4524
-4794
-4979
-5022
-4901
-4627
-4241
-3803
-3366
-2960
-2582
-2209
-1807
-1349
-831
-274
279
783
1202
1524
1764
1962
2159
2389
2663
2962
3239
3433
3491
3374
3077
2635
2114
1594
1152
842
684
651
689
733
716
595
358
24
-365
-762
-1123
-1421
-1655
-1837
-1990
-2134
-2283
-2430
-2558
-2645
-2681
-2667
-2631
-2621
-2690
-2877
-3196
-3626
-4111
-4575
-4947
-5177
-5252
-5197
-5076
-4960
-4913
-4972
-5134
-5362
-5589
-5746
-5778
-5658
-5399
-5041
-4642
-4247
-3883
-3548
-3214
-2842
-2403
-1893
-1327
-742
-186
307
725
1081
1405
1734
2097
2497
2906
3276
3543
3646
3549
3250
2786
2226
1656
1163
805
604
544
577
634
653
592
434
195
-91
-375
-619
-802
-919
-982
-1016
-1041
-1065
-1086
-1089
-1057
-979
-863
-745
-671
-696
-861
-1180
-1626
-2141
-2650
-3075
-3361
-3491
-3491
-3413
-3326
-3290
-3341
-3474
-3647
-3797
-3855
-3763
-3495
-3065
-2515
-1901
-1276
-672
-89
492
1097
1746
2440
3154
3842
4457
4968
5362
5657
5893
6118
6366
6651
6957
7241
7440
7498
7376
7064
6590
6017
5424
4886
4457
4157
3967
3839
3708
3519
3231
2832
2346
1812
1278
784
357
1
-297
-559
-800
-1029
-1241
-1414
-1526
-1565
-1540
-1478
-1427
-1445
-1571
-1816
-2156
-2539
-2887
-3128
-3215
-3139
-2925
-2635
-2342
-2113
-1982
-1955
-1997
-2049
-2045
-1935
-1696
-1338
-902
-443
-8
380
723
1045
1383
1765
2197
2661
3126
3549
3898
4166
4371
4550
4742
4982
5279
5608
5919
6149
6234
6128
5824
5353
4782
4191
3665
3265
3013
2894
2863
2858
2817
2701
2499
2229
1926
1634
1393
1220
1112
1054
1019
981
931
874
829
815
845
913
987
1015
944
735
374
-113
-666
-1209
-1668
-1991
-2163
-2212
-2195
-2179
-2226
-2372
-2615
-2915
-3211
-3435
-3533
-3477
-3278
-2977
-2627
-2273
-1946
-1646
-1349
-1026
-657
-236
216
662
1060
1380
1617
1787
1930
2092
2308
2587
2909
3230
3484
3605
3549
3305
2898
2389
1859
1388
1030
811
718
705
708
670
549
325
10
-364
-759
-1142
-1491
-1800
-2079
-2344
-2605
-2864
-3107
-3315
-3459
-3526
-3528
-3495
-3477
-3531
-3702
-4002
-4410
-4872
-5319
-5678
-5904
-5989
-5960
-5874
-5800
-5800
-5906
-6116
-6395
-6680
-6903
-7008
-6970
-6799
-6527
-6206
-5879
-5568
-5268
-4957
-4603
-4180
-3684
-3136
-2575
-2040
-1567
-1167
-828
-514
-189
174
585
1021
1433
1756
1931
1916
1700
1316
832
329
-112
-429
-597
-634
-585
-509
-468
-504
-631
-834
-1080
-1329
-1545
-1705
-1809
-1872
-1910
-1943
-1977
-2002
-1996
-1938
-1818
-1644
-1451
-1294
-1232
-1306
-1532
-1888
-2317
-2742
-3093
-3320
-3406
-3373
-3275
-3174
-3126
-3160
-3272
-3424
-3549
-3580
-3465
-3177
-2728
-2163
-1536
-898
-280
307
881
1467
2080
2721
3371
3996
4556
5026
5403
5709
5981
6265
6596
6984
7405
7814
8144
8325
8309
8083
7670
7129
6540
5986
5525
5183
4953
4796
4651
4461
4189
3820
3366
2860
2346
1859
1420
1035
696
382
80
-212
-481
-704
-855
-916
-895
-827
-761
-754
-851
-1066
-1376
-1726
-2047
-2270
-2349
-2275
-2079
-1817
-1558
-1363
-1269
-1276
-1349
-1434
-1466
-1395
-1200
-894
-514
-109
276
618
922
1213
1520
1870
2269
2699
3127
3515
3838
4088
4283
4460
4661
4916
5232
5589
5935
6203
6326
6258
5984
5532
4965
4369
3822
3389
3100
2946
2883
2858
2813
2707
2524
2278
1998
1718
1470
1272
1120
997
881
757
617
473
351
277
266
308
373
408
353
167
-161
-610
-1124
-1627
-2049
-2345
-2502
-2545
-2527
-2516
-2566
-2707
-2939
-3225
-3504
-3709
-3791
-3728
-3528
-3230
-2887
-2543
-2225
-1934
-1656
-1360
-1025
-648
-244
158
523
826
1065
1258
1440
1650
1921
2260
2645
3025
3337
3515
3510
3312
2948
2479
1986
1550
1232
1054
1002
1033
1085
1093
1012
825
539
181
-207
-591
-949
-1275
-1576
-1866
-2158
-2450
-2725
-2956
-3117
-3190
-3182
-3130
-3087
-3109
-3243
-3504
-3871
-4289
-4691
-5012
-5206
-5264
-5215
-5115
-5027
-5011
-5103
-5302
-5571
-5853
-6082
-6204
-6190
-6046
-5805
-5508
-5195
-4889
-4590
-4276
-3922
-3510
-3039
-2527
-2010
-1528
-1106
-752
-451
-172
128
478
885
1329
1766
2127
2349
2387
2230
1902
1465
1001
590
290
129
98
155
239
295
279
172
-19
-265
-528
-779
-994
-1166
-1307
-1434
-1556
-1674
-1776
-1838
-1834
-1752
-1606
-1433
-1288
-1233
-1313
-1541
-1895
-2323
-2751
-3109
-3349
-3458
-3456
-3387
-3311
-3279
-3316
-3416
-3544
-3642
-3648
-3514
-3225
-2795
-2264
-1688
-1114
-571
-61
428
922
1443
1995
2561
3111
3615
4050
4409
4715
5003
5314
5677
6104
6573
7032
7412
7645
7680
7498
7124
6619
6061
5531
5092
4775
4571
4441
4332
4184
3955
3628
3214
2737
2234
1743
1284
861
469
94
-273
-630
-957
-1222
-1397
-1466
-1436
-1343
-1247
-1209
-1272
-1455
-1739
-2069
-2373
-2587
-2666
-2597
-2406
-2149
-1890
-1689
-1582
-1575
-1637
-1713
-1746
-1689
-1519
-1246
-903
-536
-180
144
435
717
1019
1359
1742
2155
2567
2944
3263
3521
3733
3932
4159
4443
4793
5184
5568
5878
6043
6015
5783
5372
4843
4281
3771
3376
3127
3021
3018
3062
3095
3074
2979
2812
2595
2362
2139
1941
1769
1613
1452
1275
1086
902
751
661
650
705
788
843
809
641
323
-120
-632
-1144
-1586
-1908
-2098
-2178
-2195
-2207
-2271
-2416
-2641
-2912
-3177
-3378
-3467
-3427
-3272
-3035
-2760
-2489
-2241
-2013
-1784
-1530
-1229
-875
-489
-102
252
548
779
959
1126
1321
1576
1905
2292
2688
3028
3245
3292
3148
2837
2418
1970
1569
1276
1118
1084
1130
1200
1232
1181
1025
771
444
77
-298
-656
-993
-1319
-1645
-1977
-2312
-2628
-2891
-3067
-3143
-3126
-3053
-2981
-2974
-3079
-3310
-3649
-4047
-4434
-4747
-4947
-5023
-5000
-4931
-4879
-4898
-5017
-5237
-5523
-5814
-6048
-6177
-6174
-6043
-5814
-5530
-5227
-4923
-4620
-4304
-3951
-3543
-3084
-2593
-2100
-1641
-1245
-915
-638
-379
-101
233
634
1084
1537
1930
2195
2281
2173
1895
1501
1069
680
394
240
210
269
361
428
429
346
183
-36
-276
-506
-708
-878
-1025
-1165
-1310
-1456
-1583
-1662
-1667
-1584
-1429
-1244
-1092
-1037
-1125
-1373
-1755
-2214
-2676
-3071
-3346
-3481
-3496
-3434
-3347
-3287
-3284
-3337
-3414
-3465
-3439
-3293
-3013
-2614
-2134
-1617
-1104
-618
-159
292
757
1254
1788
2343
2888
3392
3833
4206
4526
4829
5156
5540
5989
6486
6981
7403
7679
7759
7623
7291
6821
6295
5792
5372
5069
4875
4751
4642
4495
4271
3949
3537
3065
2566
2071
1600
1161
741
329
-80
-478
-842
-1137
-1328
-1401
-1371
-1275
-1173
-1130
-1194
-1378
-1658
-1984
-2284
-2494
-2572
-2510
-2332
-2090
-1850
-1667
-1575
-1574
-1637
-1713
-1746
-1694
-1539
-1290
-977
-640
-315
-16
261
534
829
1166
1547
1954
2360
2732
3046
3295
3494
3678
3884
4145
4473
4850
5225
5533
5707
5696
5484
5096
4594
4056
3565
3187
2953
2855
2858
2908
2947
2932
2842
2682
2469
2234
2004
1795
1604
1419
1227
1017
793
581
413
318
308
372
467
529
496
325
2
-446
-961
-1468
-1901
-2212
-2384
-2441
-2431
-2414
-2442
-2549
-2737
-2976
-3214
-3401
-3494
-3472
-3344
-3140
-2896
-2644
-2400
-2164
-1917
-1638
-1314
-948
-557
-172
171
450
661
820
964
1138
1382
1709
2105
2525
2904
3169
3268
3182
2927
2557
2147
1774
1497
1341
1301
1337
1393
1413
1356
1202
954
636
281
-83
-438
-781
-1120
-1469
-1832
-2196
-2534
-2808
-2981
-3036
-2987
-2877
-2768
-2726
-2801
-3011
-3334
-3721
-4108
-4429
-4644
-4743
-4750
-4710
-4683
-4719
-4848
-5064
-5335
-5609
-5827
-5942
-5935
-5809
-5590
-5313
-5012
-4704
-4388
-4051
-3677
-3255
-2788
-2299
-1821
-1387
-1020
-729
-494
-277
-34
272
657
1109
1578
1998
2299
2429
2363
2120
1757
1349
972
689
530
489
531
605
660
654
568
410
202
-25
-242
-432
-595
-745
-896
-1056
-1222
-1371
-1468
-1487
-1419
-1279
-1113
-985
-961
-1085
-1367
-1781
-2268
-2748
-3150
-3425
-3553
-3550
-3463
-3350
-3264
-3234
-3265
-3331
-3382
-3368
-3255
-3025
-2687
-2273
-1821
-1362
-912
-472
-27
444
954
1498
2058
2605
3104
3530
3879
4169
4435
4721
5068
5492
5977
6475
6921
7240
7374
7299
7031
6620
6137
5664
5259
4954
4746
4605
4483
4327
4104
3796
3410
2970
2509
2056
1623
1212
810
404
-15
-431
-813
-1122
-1322
-1394
-1350
-1236
-1115
-1050
-1091
-1255
-1518
-1827
-2117
-2325
-2406
-2349
-2182
-1952
-1720
-1543
-1455
-1458
-1524
-1610
-1665
-1648
-1538
-1343
-1088
-801
-510
-230
46
336
659
1025
1435
1869
2292
2672
2983
3218
3391
3539
3709
3938
4244
4616
5008
5354
5583
5642
5510
5201
4771
4296
3853
3503
3281
3183
3175
3210
3237
3217
3128
2975
2781
2571
2367
2184
2016
1844
1649
1424
1176
929
722
591
549
585
657
707
671
506
203
-214
-691
-1158
-1549
-1821
-1964
-2001
-1977
-1956
-1989
-2106
-2305
-2561
-2824
-3041
-3172
-3201
-3130
-2982
-2791
-2583
-2372
-2154
-1919
-1649
-1333
-978
-607
-247
68
316
490
615
729
878
1106
1433
1844
2295
2717
3039
3203
3181
2987
2670
2298
1943
1666
1493
1418
1411
1424
1406
1316
1139
877
552
191
-177
-538
-895
-1255
-1632
-2027
-2427
-2797
-3095
-3284
-3348
-3299
-3183
-3067
-3017
-3083
-3284
-3603
-3989
-4379
-4713
-4948
-5073
-5109
-5103
-5110
-5175
-5326
-5560
-5841
-6118
-6342
-6471
-6484
-6388
-6209
-5978
-5721
-5453
-5173
-4867
-4519
-4121
-3679
-3210
-2748
-2328
-1975
-1694
-1470
-1267
-1036
-736
-348
117
619
1091
1460
1671
1698
1551
1275
942
625
378
233
190
219
275
313
302
226
90
-79
-253
-410
-541
-651
-760
-891
-1053
-1237
-1416
-1554
-1615
-1582
-1471
-1326
-1207
-1176
-1280
-1528
-1894
-2321
-2740
-3081
-3296
-3370
-3325
-3202
-3061
-2955
-2911
-2930
-2986
-3036
-3031
-2935
-2734
-2439
-2072
-1667
-1252
-840
-425
4
464
965
1504
2061
2604
3100
3525
3870
4153
4414
4698
5048
5483
5994
6533
7032
7419
7634
7645
7463
7134
6727
6312
5948
5667
5467
5319
5183
5013
4774
4453
4062
3622
3164
2715
2287
1875
1462
1034
587
133
-293
-644
-880
-985
-968
-872
-761
-702
-740
-891
-1137
-1430
-1701
-1892
-1964
-1907
-1743
-1523
-1309
-1151
-1077
-1093
-1170
-1263
-1325
-1324
-1240
-1080
-867
-630
-387
-146
98
361
661
1009
1396
1803
2198
2544
2813
3000
3122
3216
3330
3512
3783
4134
4525
4892
5163
5279
5214
4980
4621
4205
3807
3484
3268
3159
3133
3147
3154
3121
3034
2893
2720
2539
2369
2212
2056
1880
1661
1387
1073
752
467
262
158
148
190
226
195
52
-219
-595
-1027
-1451
-1808
-2054
-2180
-2211
-2193
-2181
-2224
-2351
-2554
-2805
-3058
-3263
-3383
-3403
-3332
-3193
-3014
-2822
-2631
-2435
-2221
-1975
-1688
-1361
-1011
-669
-367
-126
48
170
282
433
667
1004
1439
1930
2408
2802
3054
3131
3038
2819
2539
2263
2046
1918
1875
1886
1907
1891
1803
1625
1366
1049
703
353
13
-323
-671
-1045
-1448
-1864
-2258
-2583
-2797
-2883
-2854
-2754
-2646
-2600
-2664
-2858
-3164
-3539
-3918
-4241
-4468
-4587
-4616
-4599
-4592
-4638
-4761
-4957
-5198
-5436
-5622
-5722
-5722
-5626
-5455
-5241
-5005
-4758
-4497
-4214
-3893
-3526
-3120
-2695
-2281
-1910
-1609
-1384
-1213
-1059
-870
-602
-228
243
767
1279
1706
1982
2075
1991
1771
1476
1178
937
784
722
732
774
807
798
735
622
477
326
187
63
-62
-208
-399
-643
-928
-1219
-1469
-1639
-1709
-1686
-1613
-1550
-1556
-1675
-1921
-2274
-2679
-3070
-3386
-3583
-3646
-3596
-3479
-3348
-3250
-3213
-3238
-3295
-3344
-3344
-3260
-3081
-2816
-2489
-2126
-1749
-1369
-986
-584
-150
322
828
1350
1857
2314
2699
3007
3254
3478
3730
4055
4474
4980
5533
6064
6497
6772
6857
6752
6496
6154
5791
5461
5197
5002
4852
4708
4530
4291
3977
3596
3174
2740
2316
1908
1510
1101
662
189
-299
-766
-1163
-1444
-1588
-1607
-1540
-1447
-1393
-1426
-1562
-1783
-2045
-2287
-2450
-2494
-2415
-2237
-2006
-1781
-1613
-1527
-1522
-1573
-1636
-1667
-1631
-1515
-1327
-1085
-813
-535
-256
27
326
654
1020
1419
1828
2216
2554
2814
2991
3105
3196
3315
3507
3798
4183
4619
5041
5378
5567
5576
5413
5120
4762
4408
4120
3933
3849
3846
3886
3924
3922
3865
3756
3609
3446
3283
3123
2949
2737
2469
2139
1763
1380
1044
797
663
633
669
709
689
564
316
-40
-456
-870
-1222
-1472
-1608
-1649
-1642
-1640
-1686
-1806
-1999
-2235
-2472
-2666
-2789
-2826
-2784
-2687
-2558
-2415
-2268
-2114
-1939
-1728
-1474
-1182
-867
-560
-293
-90
44
129
202
317
521
839
1266
1763
2266
2699
2998
3130
3095
2926
2680
2423
2207
2059
1984
1957
1939
1887
1770
1577
1311
997
663
332
8
-315
-655
-1031
-1446
-1879
-2292
-2638
-2874
-2981
-2972
-2894
-2808
-2780
-2861
-3070
-3389
-3772
-4159
-4491
-4724
-4849
-4888
-4882
-4883
-4936
-5063
-5257
-5489
-5717
-5897
-5993
-5996
-5912
-5762
-5569
-5355
-5132
-4896
-4635
-4341
-4004
-3627
-3229
-2839
-2489
-2201
-1981
-1814
-1658
-1463
-1186
-801
-315
231
770
1227
1540
1674
1631
1448
1189
919
698
561
516
541
602
660
682
652
577
474
363
258
160
50
-100
-309
-584
-907
-1239
-1529
-1728
-1818
-1806
-1729
-1649
-1629
-1714
-1919
-2228
-2594
-2950
-3235
-3407
-3455
-3396
-3274
-3143
-3046
-3007
-3024
-3073
-3112
-3100
-3014
-2843
-2594
-2289
-1953
-1604
-1248
-884
-500
-83
377
871
1380
1876
2327
2706
3006
3248
3471
3723
4053
4488
5019
5607
6185
6679
7021
7172
7135
6939
6641
6306
5991
5728
5523
5360
5206
5022
4779
4471
4104
3699
3284
2877
2480
2078
1651
1180
662
119
-404
-853
-1182
-1366
-1411
-1357
-1268
-1205
-1218
-1332
-1533
-1779
-2013
-2181
-2245
-2196
-2057
-1874
-1696
-1568
-1514
-1530
-1586
-1644
-1666
-1625
-1511
-1334
-1115
-874
-629
-389
-147
111
397
720
1076
1448
1807
2118
2359
2524
2626
2705
2812
2993
3272
3647
4082
4514
4870
5095
5156
5056
4829
4540
4251
4017
3870
3817
3833
3881
3919
3918
3859
3746
3599
3439
3277
3113
2929
2701
2407
2045
1637
1225
862
594
446
406
435
475
461
346
113
-223
-617
-1010
-1342
-1572
-1693
-1725
-1708
-1695
-1730
-1833
-2000
-2206
-2412
-2578
-2678
-2706
-2668
-2582
-2470
-2350
-2227
-2095
-1942
-1757
-1528
-1259
-968
-683
-433
-242
-116
-36
41
162
376
710
1162
1691
2234
2719
3081
3279
3312
3210
3022
2808
2620
2488
2414
2378
2347
2282
2154
1955
1696
1399
1091
791
502
207
-119
-493
-919
-1379
-1828
-2214
-2493
-2643
-2673
-2623
-2555
-2535
-2610
-2802
-3100
-3461
-3825
-4135
-4354
-4469
-4498
-4484
-4477
-4513
-4615
-4777
-4972
-5160
-5305
-5385
-5388
-5324
-5212
-5072
-4917
-4751
-4570
-4360
-4105
-3798
-3444
-3062
-2681
-2337
-2055
-1841
-1682
-1542
-1370
-1119
-763
-309
208
728
1178
1495
1649
1638
1494
1276
1047
861
752
725
764
830
885
901
864
780
667
549
435
321
189
10
-238
-561
-934
-1315
-1652
-1898
-2026
-2045
-1993
-1927
-1908
-1984
-2174
-2461
-2801
-3135
-3404
-3564
-3606
-3549
-3431
-3302
-3205
-3161
-3164
-3190
-3206
-3176
-3077
-2902
-2665
-2381
-2071
-1753
-1431
-1101
-748
-361
69
538
1027
1506
1942
2311
2605
2840
3056
3304
3629
4059
4591
5187
5781
6301
6682
6885
6903
6766
6527
6243
5967
5735
5554
5405
5261
5087
4857
4562
4213
3832
3440
3054
2673
2279
1848
1364
829
267
-275
-740
-1078
-1269
-1320
-1268
-1175
-1108
-1118
-1225
-1421
-1667
-1904
-2075
-2145
-2103
-1965
-1775
-1584
-1433
-1342
-1312
-1322
-1336
-1322
-1261
-1146
-982
-787
-579
-369
-157
61
299
572
888
1239
1607
1960
2265
2493
2638
2716
2765
2833
2973
3214
3554
3962
4382
4748
4999
5102
5057
4892
4658
4416
4216
4090
4040
4052
4088
4110
4088
4013
3889
3733
3568
3405
3239
3049
2810
2502
2119
1687
1251
863
568
390
324
330
349
322
200
-37
-374
-769
-1162
-1499
-1738
-1867
-1907
-1899
-1889
-1918
-2008
-2154
-2333
-2511
-2659
-2753
-2787
-2771
-2720
-2650
-2573
-2493
-2403
-2286
-2128
-1924
-1676
-1400
-1128
-893
-716
-605
-542
-489
-391
-199
115
552
1077
1628
2131
2524
2765
2842
2780
2627
2438
2261
2130
2052
2009
1970
1901
1779
1593
1354
1085
812
545
284
11
-300
-672
-1102
-1568
-2028
-2430
-2728
-2899
-2953
-2928
-2882
-2880
-2970
-3174
-3477
-3843
-4212
-4526
-4746
-4863
-4892
-4870
-4846
-4861
-4931
-5053
-5206
-5359
-5476
-5539
-5541
-5489
-5394
-5273
-5137
-4984
-4808
-4596
-4334
-4014
-3644
-3245
-2850
-2494
-2206
-1997
-1852
-1733
-1591
-1378
-1059
-635
-136
381
853
1218
1439
1512
1462
1337
1192
1078
1026
1042
1110
1198
1272
1302
1281
1216
1123
1023
925
823
691
504
242
-97
-491
-893
-1248
-1513
-1663
-1704
-1672
-1625
-1623
-1710
-1907
-2199
-2542
-2876
-3146
-3310
-3356
-3299
-3182
-3049
-2939
-2872
-2848
-2844
-2829
-2777
-2670
-2503
-2285
-2035
-1767
-1491
-1211
-919
-601
-241
166
614
1086
1551
1974
2330
2611
2833
3033
3261
3566
3975
4486
5067
5658
6188
6595
6841
6918
6846
6671
6449
6227
6035
5883
5755
5621
5449
5219
4924
4574
4194
3809
3431
3055
2664
2234
1747
1206
639
92
-384
-741
-955
-1036
-1024
-974
-950
-1000
-1147
-1376
-1647
-1907
-2098
-2182
-2153
-2029
-1852
-1668
-1521
-1431
-1396
-1395
-1402
-1389
-1334
-1235
-1098
-934
-755
-571
-381
-175
59
332
649
1003
1370
1717
2007
2216
2331
2372
2379
2406
2502
2704
3018
3415
3840
4232
4532
4703
4736
4655
4503
4330
4184
4094
4066
4082
4113
4127
4099
4021
3904
3766
3625
3490
3351
3184
2957
2652
2269
1828
1375
966
645
438
339
315
311
265
133
-105
-437
-825
-1208
-1533
-1761
-1882
-1913
-1892
-1869
-1878
-1938
-2049
-2191
-2333
-2450
-2525
-2555
-2544
-2507
-2459
-2406
-2346
-2273
-2172
-2026
-1828
-1586
-1316
-1046
-811
-635
-524
-460
-406
-312
-128
176
600
1111
1655
2163
2572
2841
2961
2946
2838
2689
2545
2433
2363
2322
2281
2210
2089
1917
1702
1469
1239
1021
806
569
284
-71
-498
-973
-1450
-1877
-2210
-2422
-2520
-2539
-2537
-2570
-2687
-2910
-3227
-3598
-3968
-4285
-4510
-4634
-4675
-4672
-4666
-4693
-4773
-4899
-5048
-5193
-5307
-5370
-5377
-5335
-5257
-5151
-5027
-4885
-4716
-4504
-4241
-3922
-3557
-3167
-2789
-2459
-2205
-2037
-1940
-1876
-1791
-1636
-1378
-1010
-556
-71
386
757
1006
1120
1119
1042
937
848
808
828
896
987
1073
1126
1135
1102
1044
975
899
812
692
512
253
-85
-480
-892
-1269
-1563
-1751
-1838
-1855
-1852
-1890
-2012
-2234
-2544
-2905
-3259
-3549
-3736
-3809
-3779
-3681
-3561
-3454
-3381
-3343
-3325
-3304
-3253
-3156
-3012
-2822
-2600
-2359
-2108
-1847
-1566
-1254
-896
-484
-25
459
935
1368
1729
2007
2220
2406
2615
2895
3280
3771
4337
4922
5460
5889
6166
6280
6250
6117
5933
5746
5589
5466
5366
5260
5115
4911
4646
4336
4003
3673
3357
3048
2721
2349
1913
1410
866
326
-154
-529
-775
-892
-917
-904
-909
-977
-1127
-1350
-1605
-1840
-2007
-2075
-2035
-1911
-1744
-1578
-1447
-1370
-1341
-1336
-1327
-1287
-1198
-1054
-862
-638
-396
-144
111
374
656
965
1300
1651
1997
2308
2551
2706
2773
2773
2749
2758
2851
3060
3387
3807
4266
4698
5044
5265
5347
5305
5182
5027
4887
4792
4755
4764
4790
4805
4788
4732
4644
4543
4446
4354
4251
4113
3907
3611
3223
2769
2291
1842
1469
1201
1035
941
871
772
599
334
-8
-394
-771
-1090
-1317
-1448
-1501
-1512
-1521
-1562
-1649
-1777
-1929
-2081
-2210
-2302
-2357
-2380
-2380
-2366
-2345
-2313
-2260
-2172
-2039
-1855
-1626
-1374
-1131
-926
-784
-712
-691
-678
-622
-477
-209
184
669
1189
1679
2075
2333
2441
2417
2299
2136
1976
1850
1767
1714
1667
1600
1492
1341
1164
981
808
651
496
312
65
-268
-691
-1181
-1695
-2174
-2568
-2851
-3019
-3102
-3151
-3224
-3365
-3595
-3908
-4268
-4622
-4924
-5142
-5271
-5326
-5347
-5375
-5437
-5545
-5694
-5860
-6013
-6125
-6180
-6173
-6107
-5997
-5858
-5699
-5523
-5328
-5103
-4835
-4521
-4169
-3799
-3441
-3134
-2904
-2761
-2686
-2643
-2577
-2434
-2179
-1804
-1334
-817
-318
102
402
569
617
585
524
480
483
542
645
763
864
929
951
939
911
885
865
834
765
629
402
81
-309
-722
-1107
-1414
-1612
-1702
-1718
-1709
-1730
-1829
-2027
-2309
-2635
-2952
-3204
-3352
-3384
-3320
-3194
-3046
-2912
-2811
-2741
-2687
-2630
-2551
-2436
-2283
-2100
-1895
-1673
-1438
-1187
-906
-580
-200
235
718
1223
1713
2153
2516
2792
2996
3166
3354
3605
3953
4402
4930
5484
6005
6435
6733
6882
6894
6805
6656
6488
6330
6190
6055
5904
5715
5476
5189
4872
4550
4240
3943
3647
3324
2942
2483
1951
1373
795
273
-142
-427
-586
-649
-669
-705
-805
-989
-1249
-1554
-1849
-2085
-2226
-2266
-2218
-2115
-1998
-1900
-1834
-1798
-1780
-1756
-1706
-1621
-1502
-1356
-1193
-1028
-863
-695
-511
-301
-50
245
574
911
1227
1488
1664
1750
1765
1745
1742
1806
1974
2254
2624
3042
3449
3788
4018
4127
4126
4047
3938
3843
3789
3782
3811
3851
3873
3861
3814
3746
3673
3611
3559
3498
3394
3217
2944
2574
2131
1662
1222
856
594
439
360
307
228
80
-161
-486
-860
-1231
-1553
-1789
-1928
-1985
-1994
-1992
-2006
-2055
-2137
-2235
-2328
-2402
-2446
-2460
-2454
-2440
-2426
-2414
-2398
-2364
-2291
-2162
-1971
-1724
-1438
-1148
-889
-688
-555
-479
-426
-349
-202
45
396
833
1310
1768
2156
2437
2593
2637
2601
2526
2448
2393
2366
2356
2336
2287
2198
2072
1928
1791
1675
1580
1485
1360
1169
884
506
57
-419
-868
-1239
-1501
-1655
-1729
-1768
-1827
-1954
-2169
-2463
-2807
-3152
-3450
-3670
-3805
-3873
-3904
-3935
-3993
-4091
-4219
-4359
-4488
-4581
-4624
-4616
-4565
-4480
-4375
-4257
-4123
-3963
-3765
-3517
-3215
-2867
-2499
-2147
-1847
-1627
-1499
-1445
-1426
-1392
-1294
-1094
-783
-380
70
513
894
1171
1330
1381
1354
1290
1231
1203
1213
1246
1283
1298
1276
1221
1150
1081
1028
990
950
871
718
468
118
-311
-777
-1223
-1602
-1887
-2072
-2185
-2270
-2381
-2555
-2811
-3138
-3500
-3843
-4120
-4300
-4374
-4359
-4293
-4213
-4151
-4121
-4122
-4137
-4142
-4116
-4049
-3935
-3778
-3592
-3386
-3164
-2923
-2655
-2344
-1977
-1552
-1079
-580
-90
354
723
1009
1228
1415
1618
1886
2251
2718
3264
3847
4404
4877
5226
5433
5503
5466
5366
5242
5120
5010
4904
4779
4613
4397
4137
3851
3562
3291
3042
2800
2538
2228
1847
1393
891
384
-78
-448
-698
-829
-871
-871
-883
-955
-1110
-1338
-1606
-1865
-2067
-2177
-2188
-2118
-1999
-1868
-1757
-1683
-1640
-1613
-1581
-1525
-1429
-1294
-1127
-942
-748
-554
-359
-154
78
346
657
1004
1367
1711
2003
2220
2352
2413
2440
2482
2584
2779
3078
3463
3891
4310
4668
4925
5065
5098
5057
4981
4909
4870
4869
4893
4918
4922
4890
4823
4738
4656
4589
4536
4481
4393
4236
3989
3651
3243
2803
2386
2037
1781
1620
1528
1458
1357
1185
924
585
204
-169
-484
-711
-845
-902
-918
-934
-980
-1069
-1201
-1361
-1527
-1679
-1807
-1910
-1990
-2055
-2115
-2169
-2206
-2213
-2172
-2067
-1892
-1656
-1384
-1109
-866
-686
-578
-524
-493
-440
-317
-93
237
652
1110
1554
1926
2184
2313
2320
2233
2097
1955
1836
1748
1682
1617
1528
1403
1247
1073
901
743
600
453
271
24
-307
-723
-1198
-1686
-2136
-2504
-2760
-2907
-2974
-3012
-3076
-3210
-3438
-3753
-4118
-4484
-4804
-5044
-5193
-5267
-5298
-5322
-5365
-5441
-5547
-5665
-5771
-5850
-5890
-5887
-5850
-5790
-5714
-5623
-5512
-5369
-5176
-4920
-4601
-4231
-3835
-3452
-3123
-2873
-2713
-2627
-2581
-2521
-2399
-2179
-1849
-1420
-930
-434
18
387
649
809
894
940
980
1040
1128
1229
1322
1388
1417
1413
1392
1374
1372
1379
1377
1334
1215
998
682
293
-126
-524
-850
-1074
-1198
-1246
-1262
-1299
-1401
-1585
-1841
-2135
-2419
-2644
-2778
-2816
-2774
-2683
-2579
-2492
-2435
-2404
-2387
-2365
-2319
-2238
-2124
-1984
-1826
-1660
-1487
-1300
-1084
-822
-500
-110
339
822
1302
1745
2120
2414
2640
2833
3037
3295
3642
4089
4616
5182
5735
6217
6585
6817
6918
6912
6837
6733
6626
6522
6412
6278
6099
5866
5586
5280
4969
4669
4385
4102
3792
3427
2991
2484
1928
1368
856
435
129
-60
-163
-228
-312
-456
-681
-981
-1319
-1646
-1913
-2090
-2166
-2153
-2085
-1994
-1908
-1842
-1799
-1767
-1731
-1680
-1609
-1521
-1422
-1327
-1241
-1164
-1088
-997
-871
-692
-455
-170
140
441
693
868
958
977
957
947
996
1139
1388
1730
2131
2537
2897
3172
3341
3408
3400
3355
3311
3291
3302
3333
3362
3366
3336
3276
3198
3123
3061
3009
2945
2837
2654
2373
1992
1540
1060
605
225
-48
-212
-296
-344
-411
-542
-760
-1054
-1393
-1729
-2017
-2222
-2340
-2385
-2387
-2381
-2394
-2443
-2523
-2621
-2723
-2812
-2880
-2929
-2968
-3005
-3043
-3083
-3112
-3108
-3048
-2914
-2701
-2415
-2085
-1749
-1446
-1206
-1042
-943
-876
-796
-658
-428
-92
334
814
1298
1736
2083
2319
2447
2493
2489
2471
2464
2473
2483
2477
2438
2358
2244
2116
1995
1892
1804
1712
1584
1386
1098
721
277
-192
-631
-995
-1256
-1414
-1492
-1540
-1611
-1750
-1977
-2288
-2650
-3016
-3340
-3592
-3763
-3861
-3916
-3957
-4008
-4079
-4166
-4258
-4336
-4385
-4401
-4388
-4350
-4301
-4249
-4192
-4120
-4018
-3868
-3653
-3369
-3029
-2662
-2305
-1997
-1772
-1638
-1582
-1569
-1553
-1484
-1323
-1057
-697
-274
164
564
886
1111
1240
1296
1318
1340
1384
1453
1538
1616
1666
1677
1656
1617
1577
1549
1528
1491
1407
1244
981
617
175
-299
-754
-1142
-1431
-1618
-1726
-1803
-1896
-2051
-2288
-2601
-2954
-3302
-3599
-3813
-3930
-3967
-3949
-3908
-3869
-3847
-3840
-3833
-3812
-3766
-3687
-3579
-3451
-3315
-3176
-3032
-2877
-2691
-2451
-2141
-1757
-1307
-818
-327
125
509
812
1042
1230
1421
1658
1973
2380
2870
3407
3943
4428
4819
5093
5247
5306
5299
5257
5202
5140
5059
4941
4772
4550
4287
4005
3732
3486
3265
3055
2827
2547
2193
1765
1281
781
313
-76
-358
-532
-623
-673
-735
-851
-1041
-1294
-1580
-1854
-2068
-2193
-2222
-2168
-2056
-1921
-1790
-1674
-1573
-1479
-1379
-1261
-1123
-971
-815
-666
-533
-416
-302
-172
-3
222
513
860
1236
1603
1926
2172
2329
2410
2447
2484
2565
2727
2987
3332
3733
4145
4520
4818
5020
5131
5173
5180
5187
5217
5269
5332
5385
5408
5391
5342
5279
5220
5177
5147
5110
5032
4878
4630
4282
3854
3390
2940
2550
2250
2045
1915
1814
1695
1521
1271
954
601
256
-40
-263
-404
-481
-521
-558
-613
-700
-819
-958
-1099
-1233
-1354
-1463
-1565
-1672
-1786
-1900
-2002
-2071
-2083
-2017
-1868
-1649
-1382
-1107
-864
-682
-574
-529
-520
-504
-435
-283
-33
306
703
1110
1477
1764
1949
2032
2035
1992
1936
1885
1845
1804
1741
1640
1499
1327
1142
969
822
698
576
426
218
-75
-456
-903
-1377
-1831
-2221
-2516
-2715
-2846
-2950
-3077
-3271
-3550
-3904
-4300
-4694
-5042
-5311
-5494
-5605
-5668
-5713
-5767
-5840
-5928
-6019
-6097
-6148
-6164
-6149
-6112
-6064
-6013
-5959
-5895
-5800
-5656
-5448
-5173
-4842
-4485
-4140
-3845
-3626
-3494
-3436
-3416
-3388
-3308
-3139
-2864
-2492
-2056
-1597
-1164
-798
-519
-323
-187
-81
27
159
313
472
616
724
787
809
808
805
810
820
820
779
664
458
159
-213
-619
-1006
-1330
-1561
-1696
-1756
-1785
-1835
-1946
-2135
-2396
-2699
-2996
-3242
-3407
-3481
-3473
-3408
-3318
-3226
-3146
-3080
-3020
-2951
-2864
-2754
-2625
-2484
-2339
-2199
-2059
-1904
-1717
-1476
-1162
-769
-312
183
678
1135
1522
1830
2070
2271
2474
2724
3054
3476
3978
4531
5086
5589
6000
6295
6472
6552
6569
6553
6523
6482
6422
6323
6170
5964
5718
5454
5196
4963
4754
4550
4322
4040
3680
3237
2731
2201
1696
1257
917
677
512
380
234
33
-241
-576
-937
-1278
-1556
-1739
-1817
-1805
-1731
-1624
-1511
-1412
-1327
-1249
-1169
-1081
-981
-873
-768
-678
-605
-546
-488
-411
-289
-106
142
443
771
1086
1350
1535
1632
1651
1625
1599
1617
1716
1915
2209
2569
2952
3312
3611
3823
3951
4016
4047
4074
4114
4171
4230
4271
4279
4251
4193
4124
4064
4022
3992
3953
3873
3717
3463
3109
2676
2206
1749
1357
1059
859
737
650
549
391
158
-143
-484
-823
-1118
-1342
-1490
-1571
-1611
-1642
-1688
-1760
-1858
-1974
-2093
-2203
-2298
-2383
-2463
-2544
-2632
-2720
-2792
-2824
-2793
-2680
-2478
-2201
-1881
-1556
-1264
-1038
-891
-811
-767
-721
-629
-452
-176
191
622
1074
1497
1848
2105
2269
2356
2396
2420
2447
2477
2502
2506
2474
2405
2312
2216
2134
2079
2046
2012
1943
1804
1575
1248
844
402
-25
-395
-677
-864
-981
-1071
-1183
-1354
-1604
-1927
-2291
-2654
-2974
-3224
-3392
-3488
-3536
-3563
-3588
-3625
-3675
-3727
-3767
-3788
-3787
-3766
-3734
-3705
-3682
-3662
-3632
-3573
-3459
-3274
-3015
-2697
-2346
-2002
-1708
-1493
-1366
-1318
-1321
-1328
-1292
-1178
-964
-650
-261
159
566
920
1196
1392
1526
1625
1715
1810
1911
2002
2064
2081
2054
1991
1913
1844
1797
1768
1735
1668
1531
1297
964
552
99
-346
-734
-1032
-1238
-1372
-1476
-1595
-1772
-2024
-2340
-2690
-3035
-3331
-3548
-3678
-3733
-3733
-3707
-3680
-3663
-3655
-3648
-3632
-3597
-3537
-3461
-3378
-3297
-3224
-3156
-3077
-2963
-2787
-2533
-2193
-1777
-1316
-849
-414
-42
252
476
659
839
1056
1344
1723
2184
2699
3226
3716
4124
4426
4622
4726
4766
4768
4752
4717
4655
4552
4400
4199
3965
3726
3503
3309
3142
2982
2795
2544
2208
1782
1281
747
230
-222
-578
-831
-1000
-1125
-1254
-1424
-1653
-1934
-2241
-2528
-2758
-2905
-2958
-2927
-2837
-2719
-2595
-2478
-2372
-2270
-2162
-2039
-1902
-1757
-1614
-1485
-1380
-1293
-1209
-1107
-962
-753
-472
-133
238
606
931
1181
1346
1436
1478
1510
1580
1724
1959
2285
2680
3102
3505
3853
4125
4319
4451
4552
4647
4749
4858
4963
5043
5085
5087
5062
5026
4999
4993
5002
5002
4959
4842
4626
4306
3902
3456
3019
2637
2347
2153
2035
1953
1861
1720
1507
1229
913
596
314
96
-52
-143
-199
-246
-306
-391
-501
-625
-750
-869
-974
-1071
-1169
-1279
-1402
-1534
-1658
-1749
-1777
-1724
-1584
-1368
-1102
-829
-586
-404
-296
-257
-257
-257
-215
-99
113
417
787
1180
1554
1867
2096
2241
2321
2360
2383
2407
2433
2446
2430
2374
2278
2152
2019
1903
1813
1745
1679
1582
1417
1158
799
359
-128
-610
-1037
-1381
-1634
-1814
-1962
-2125
-2342
-2629
-2980
-3370
-3756
-4098
-4370
-4563
-4686
-4759
-4812
-4864
-4927
-4998
-5072
-5132
-5167
-5175
-5162
-5137
-5111
-5094
-5084
-5064
-5014
-4911
-4739
-4492
-4187
-3853
-3529
-3254
-3057
-2949
-2918
-2933
-2954
-2934
-2831
-2625
-2316
-1926
-1493
-1063
-677
-357
-105
91
254
409
565
719
857
963
1024
1039
1023
998
984
992
1020
1044
1029
943
761
475
104
-312
-722
-1082
-1360
-1546
-1663
-1749
-1848
-1995
-2208
-2482
-2785
-3079
-3326
-3499
-3588
-3601
-3564
-3499
-3427
-3363
-3307
-3251
-3183
-3097
-2990
-2867
-2738
-2617
-2508
-2404
-2291
-2146
-1941
-1654
-1284
-840
-348
151
619
1026
1360
1625
1845
2058
2304
2613
3003
3470
3989
4516
5004
5416
5727
5936
6061
6130
6166
6185
6190
6170
6110
6002
5850
5667
5476
5299
5150
5021
4890
4727
4495
4168
3743
3240
2696
2161
1685
1300
1009
794
619
439
216
-64
-392
-743
-1078
-1359
-1557
-1667
-1699
-1672
-1612
-1544
-1480
-1421
-1361
-1293
-1209
-1106
-994
-887
-795
-728
-684
-647
-594
-498
-342
-117
166
479
785
1049
1242
1350
1382
1366
1340
1344
1419
1584
1840
2164
2522
2871
3172
3406
3575
3692
3780
3865
3958
4055
4143
4206
4233
4221
4182
4139
4108
4096
4099
4095
4049
3925
3701
3374
2962
2504
2056
1663
1357
1145
1008
906
791
628
397
100
-237
-577
-884
-1135
-1320
-1448
-1539
-1618
-1703
-1803
-1921
-2046
-2165
-2268
-2354
-2428
-2499
-2580
-2678
-2784
-2883
-2950
-2959
-2885
-2723
-2486
-2199
-1900
-1629
-1419
-1281
-1212
-1190
-1178
-1135
-1025
-829
-546
-196
185
551
870
1120
1297
1418
1507
1585
1663
1741
1808
1847
1846
1810
1751
1687
1638
1616
1616
1613
1575
1469
1268
962
571
131
-309
-702
-1016
-1244
-1405
-1537
-1681
-1875
-2140
-2467
-2830
-3195
-3523
-3785
-3973
-4095
-4167
-4212
-4250
-4292
-4336
-4372
-4392
-4385
-4350
-4294
-4230
-4174
-4130
-4101
-4072
-4021
-3922
-3758
-3524
-3230
-2903
-2582
-2303
-2093
-1965
-1913
-1909
-1914
-1885
-1785
-1589
-1296
-927
-517
-109
261
567
809
1001
1163
1313
1465
1615
1748
1849
1908
1924
1911
1889
1881
1895
1925
1953
1945
1864
1684
1401
1030
608
185
-191
-491
-708
-859
-981
-1119
-1307
-1561
-1875
-2224
-2568
-2871
-3105
-3262
-3348
-3379
-3381
-3372
-3362
-3353
-3338
-3307
-3251
-3172
-3078
-2981
-2893
-2823
-2764
-2698
-2597
-2435
-2190
-1851
-1432
-959
-470
-1
412
753
1025
1247
1448
1667
1937
2277
2685
3142
3613
4054
4432
4727
4939
5079
5171
5237
5286
5316
5318
5277
5185
5046
4876
4699
4535
4395
4278
4161
4010
3794
3487
3083
2597
2071
1553
1088
708
422
211
37
-140
-354
-624
-944
-1286
-1615
-1897
-2105
-2228
-2275
-2267
-2223
-2165
-2104
-2043
-1974
-1889
-1784
-1661
-1527
-1400
-1296
-1220
-1168
-1126
-1068
-965
-796
-557
-256
80
416
711
939
1087
1158
1175
1174
1198
1281
1447
1700
2021
2377
2730
3047
3306
3507
3665
3801
3932
4068
4206
4331
4425
4479
4495
4485
4468
4465
4487
4526
4561
4560
4487
4316
4042
3684
3278
2874
2519
2244
2055
1933
1843
1740
1586
1363
1076
747
408
95
-165
-365
-511
-618
-708
-799
-902
-1013
-1126
-1233
-1323
-1396
-1460
-1530
-1613
-1717
-1836
-1950
-2030
-2050
-1988
-1836
-1607
-1329
-1040
-778
-574
-445
-387
-376
-381
-361
-279
-114
134
446
790
1125
1415
1642
1806
1919
2001
2075
2149
2220
2275
2301
2289
2238
2163
2087
2029
1997
1989
1983
1943
1835
1634
1331
941
500
58
-341
-667
-913
-1094
-1248
-1417
-1634
-1918
-2266
-2656
-3051
-3418
-3731
-3977
-4157
-4287
-4387
-4471
-4547
-4616
-4670
-4697
-4693
-4659
-4606
-4550
-4508
-4492
-4497
-4508
-4502
-4450
-4329
-4134
-3873
-3573
-3266
-2992
-2781
-2646
-2584
-2576
-2586
-2571
-2495
-2336
-2086
-1762
-1397
-1031
-695
-408
-177
13
181
344
506
665
806
912
973
993
985
970
967
990
1034
1075
1083
1023
867
604
253
-151
-564
-939
-1245
-1473
-1642
-1782
-1934
-2130
-2390
-2706
-3054
-3402
-3716
-3966
-4144
-4254
-4312
-4336
-4346
-4354
-4358
-4352
-4329
-4282
-4210
-4123
-4036
-3961
-3901
-3853
-3797
-3704
-3544
-3295
-2951
-2521
-2031
-1523
-1033
-595
-227
66
303
515
736
1001
1331
1728
2174
2636
3079
3467
3782
4024
4206
4346
4462
4564
4649
4702
4711
4670
4582
4460
4330
4213
4119
4045
3972
3868
3697
3434
3075
2636
2152
1673
1244
894
630
435
277
113
-89
-343
-645
-973
-1291
-1563
-1767
-1893
-1942
-1931
-1882
-1812
-1732
-1643
-1543
-1423
-1277
-1112
-940
-777
-638
-536
-465
-406
-333
-218
-38
218
536
892
1249
1571
1825
1996
2086
2117
2120
2138
2209
2356
2584
2879
3212
3544
3845
4098
4302
4466
4610
4753
4897
5038
5162
5254
5302
5308
5289
5263
5252
5266
5305
5343
5349
5287
5133
4877
4537
4151
3765
3424
3158
2973
2852
2756
2645
2485
2255
1957
1613
1254
912
612
368
174
15
-124
-259
-402
-552
-698
-831
-946
-1040
-1121
-1204
-1304
-1426
-1564
-1702
-1813
-1865
-1835
-1718
-1522
-1271
-1003
-759
-567
-445
-397
-403
-431
-441
-402
-290
-100
150
428
702
941
1126
1257
1350
1423
1491
1561
1630
1683
1705
1688
1635
1558
1479
1418
1387
1379
1374
1339
1237
1040
739
352
-88
-535
-943
-1282
-1548
-1757
-1942
-2144
-2397
-2715
-3093
-3510
-3932
-4322
-4655
-4919
-5114
-5252
-5351
-5430
-5494
-5545
-5579
-5587
-5565
-5516
-5455
-5398
-5360
-5351
-5369
-5396
-5401
-5357
-5241
-5043
-4771
-4451
-4120
-3811
-3557
-3378
-3270
-3216
-3184
-3134
-3031
-2848
-2584
-2252
-1879
-1501
-1149
-839
-571
-336
-119
97
314
525
715
870
980
1046
1084
1116
1163
1236
1334
1438
1513
1521
1438
1251
972
637
293
-19
-269
-447
-567
-664
-777
-935
-1155
-1435
-1752
-2072
-2364
-2602
-2773
-2881
-2942
-2975
-2995
-3013
-3031
-3042
-3032
-2998
-2940
-2864
-2785
-2717
-2666
-2624
-2572
-2484
-2328
-2081
-1737
-1307
-816
-301
197
642
1016
1312
1545
1744
1947
2188
2487
2851
3266
3701
4120
4496
4811
5061
5258
5420
5560
5681
5778
5840
5849
5800
5699
5562
5410
5268
5152
5058
4966
4847
4667
4398
4032
3586
3094
2600
2148
1769
1469
1233
1029
820
574
274
-75
-449
-821
-1157
-1429
-1626
-1754
-1823
-1852
-1861
-1860
-1850
-1825
-1782
-1717
-1631
-1538
-1458
-1405
-1386
-1400
-1428
-1439
-1404
-1301
-1121
-870
-573
-266
17
244
395
466
478
460
451
488
597
784
1035
1326
1623
1896
2129
2319
2479
2621
2757
2893
3020
3122
3185
3203
3179
3128
3074
3042
3043
3072
3113
3131
3086
2952
2721
2405
2036
1662
1326
1058
865
734
631
517
359
140
-140
-465
-802
-1120
-1398
-1622
-1794
-1924
-2034
-2136
-2237
-2341
-2440
-2523
-2585
-2628
-2662
-2698
-2752
-2830
-2924
-3013
-3068
-3062
-2968
-2780
-2510
-2182
-1833
-1503
-1228
-1026
-898
-831
-792
-743
-647
-481
-242
60
394
727
1029
1288
1500
1678
1838
1996
2152
2300
2427
2516
2557
2553
2522
2483
2458
2462
2494
2530
2539
2485
2341
2094
1758
1368
967
595
284
42
-148
-317
-500
-728
-1019
-1367
-1749
-2136
-2495
-2801
-3040
-3219
-3352
-3457
-3550
-3642
-3732
-3808
-3861
-3882
-3870
-3835
-3797
-3776
-3780
-3811
-3855
-3886
-3872
-3791
-3633
-3400
-3112
-2801
-2502
-2244
-2046
-1912
-1828
-1764
-1688
-1568
-1381
-1125
-814
-477
-143
161
419
634
821
996
1172
1354
1535
1697
1822
1901
1934
1931
1914
1907
1923
1959
1999
2013
1967
1834
1607
1302
949
589
265
0
-205
-366
-516
-693
-928
-1232
-1599
-2005
-2417
-2798
-3121
-3372
-3552
-3672
-3755
-3820
-3877
-3931
-3977
-4005
-4008
-3987
-3952
-3918
-3896
-3895
-3909
-3915
-3882
-3781
-3589
-3297
-2913
-2469
-1999
-1544
-1142
-816
-572
-394
-256
-119
55
290
593
953
1345
1738
2100
2417
2686
2912
3107
3283
3442
3574
3669
3714
3705
3645
3555
3461
3385
3340
3328
3328
3308
3236
3087
2852
2543
2192
1838
1518
1257
1064
927
820
711
577
403
190
-45
-274
-474
-624
-712
-745
-741
-722
-706
-707
-728
-759
-784
-794
-783
-753
-714
-682
-662
-653
-645
-621
-563
-459
-313
-136
54
232
371
452
468
424
340
253
206
239
379
641
1012
1461
1949
2441
2906
3326
3698
4026
4305
4530
4686
4761
4743
4635
4461
4252
4049
3890
3800
3779
3804
3838
3832
3741
3541
3230
2830
2376
1915
1487
1114
803
543
314
94
-133
-366
-593
-798
-958
-1062
-1114
-1137
-1161
-1222
-1353
-1568
-1858
-2199
-2554
-2882
-3153
-3355
-3493
-3583
-3645
-3694
-3738
-3766
-3765
-3722
-3626
-3472
-3273
-3048
-2816
-2596
-2403
-2236
-2082
-1919
-1725
-1481
-1176
-821
-440
-62
282
565
778
932
1045
1136
1224
1318
1409
1482
1522
1521
1481
1418
1363
1341
1367
1440
1542
1635
1678
1645
1527
1336
1104
875
685
550
469
419
362
260
91
-147
-439
-753
-1047
-1286
-1453
-1544
-1576
-1581
-1594
-1645
-1746
-1896
-2079
-2264
-2424
-2542
-2612
-2637
-2631
-2606
-2564
-2496
-2388
-2224
-1990
-1690
-1342
-976
-624
-324
-103
29
83
83
69
89
181
372
670
1064
1527
2022
2518
2988
3418
3804
4149
4457
4724
4942
5107
5210
5255
5260
5254
5267
5326
5442
5604
5776
5906
5947
5860
5629
5273
4832
4357
3896
3486
3137
2838
2562
2282
1973
1622
1236
833
437
70
-247
-505
-706
-857
-971
-1062
-1142
-1213
-1274
-1318
-1339
-1333
-1298
-1246
-1186
-1125
-1069
-1017
-959
-880
-773
-633
-461
-270
-79
95
243
359
450
536
641
788
992
1258
1577
1925
2269
2581
2835
3015
3119
3156
3138
3079
2993
2890
2770
2632
2477
2305
2114
1908
1689
1451
1181
861
471
-10
-588
-1250
-1967
-2697
-3389
-3996
-4491
-4870
-5150
-5364
-5557
-5766
-6012
-6298
-6613
-6932
-7222
-7458
-7626
-7718
-7737
-7696
-7607
-7479
-7317
-7126
-6910
-6676
-6442
-6231
-6067
-5972
-5960
-6026
-6149
-6295
-6426
-6503
-6495
-6394
-6207
-5957
-5678
-5406
-5170
-4978
-4818
-4663
-4468
-4190
-3800
-3290
-2671
-1974
-1243
-519
171
809
1393
1930
2430
2898
3332
3724
4069
4357
4586
4766
4911
5033
5142
5240
5312
5333
5279
5133
4893
4581
4242
3929
3692
3567
3565
3666
3828
4001
4137
4203
4188
4106
3983
3849
3732
3650
3601
3574
3553
3523
3475
3408
3336
3272
3227
3203
3195
3187
3159
3098
3001
2875
2739
2622
2550
2539
2595
2711
2865
3025
3163
3260
3307
3316
3315
3341
3425
3589
3836
4147
4485
4811
5090
5299
5430
5491
5495
5455
5379
5272
5134
4966
4782
4603
4453
4357
4327
4360
4427
4485
4484
4379
4142
3772
3298
2770
2245
1777
1402
1125
925
760
578
330
-16
-463
-997
-1582
-2170
-2720
-3201
-3601
-3918
-4164
-4355
-4498
-4593
-4639
-4635
-4589
-4518
-4459
-4450
-4522
-4690
-4948
-5261
-5579
-5849
-6027
-6087
-6032
-5891
-5714
-5558
-5478
-5517
-5691
-5989
-6377
-6803
-7211
-7548
-7785
-7912
-7932
-7866
-7737
-7562
-7351
-7107
-6834
-6539
-6234
-5943
-5693
-5501
-5374
-5306
-5273
-5241
-5180
-5074
-4922
-4744
-4580
-4472
-4455
-4546
-4748
-5041
-5394
-5776
-6166
-6553
-6940
-7338
-7761
-8215
-8695
-9190
-9675
-10122
-10505
-10808
-11019
-11137
-11170
-11128
-11015
-10830
-10568
-10219
-9775
-9239
-8630
-7975
-7310
-6668
-6072
-5522
-5003
-4488
-3946
-3347
-2682
-1959
-1200
-443
270
898
1416
1816
2106
2320
2502
2700
2956
3296
3731
4249
4828
5442
6071
6698
7313
7917
8507
9074
9609
10102
10539
10915
11239
11528
11803
12081
12375
12674
12955
13180
13314
13329
13213
12982
12668
12310
11946
11604
11289
10989
10683
10349
9967
9530
9045
8535
8024
7540
7107
6742
6447
6221
6058
5948
5881
5857
5880
5950
6062
6205
6352
6469
6522
6490
6365
6162
5915
5670
5473
5356
5338
5411
5545
5699
5829
5896
5876
5769
5594
5382
5171
5003
4902
4880
4933
5050
5210
5389
5572
5746
5898
6020
6101
6131
6096
5990
5817
5589
5331
5080
4874
4738
4683
4699
4759
4817
4829
4764
4604
4349
4021
3647
3253
2857
2470
2088
1700
1298
873
422
-57
-561
-1087
-1636
-2211
-2815
-3452
-4125
-4826
-5540
-6242
-6906
-7504
-8017
-8440
-8785
-9071
-9322
-9558
-9790
-10008
-10194
-10326
-10377
-10329
-10185
-9960
-9683
-9393
-9128
-8916
-8767
-8674
-8616
-8565
-8490
-8381
-8242
-8091
-7959
-7876
-7863
-7923
-8045
-8209
-8385
-8551
-8694
-8818
-8932
-9048
-9178
-9319
-9451
-9546
-9573
-9504
-9327
-9051
-8705
-8326
-7950
-7607
-7305
-7033
-6770
-6493
-6186
-5846
-5488
-5139
-4827
-4574
-4394
-4286
-4236
-4225
-4238
-4263
-4295
-4342
-4413
-4515
-4646
-4794
-4936
-5039
-5075
-5023
-4879
-4651
-4361
-4036
-3695
-3346
-2986
-2597
-2154
-1633
-1024
-327
441
1244
2038
2784
3449
4018
4497
4913
5304
5701
6130
6597
7087
7572
8021
8411
8729
8977
9167
9315
9431
9518
9573
9586
9547
9454
9319
9160
9002
8872
8789
8754
8758
8778
8788
8760
8681
8550
8379
8186
7989
7800
7614
7417
7189
6907
6556
6136
5660
5151
4636
4142
3685
3267
2879
2509
2138
1758
1373
1000
660
374
157
7
-98
-184
-276
-393
-540
-702
-850
-956
-995
-953
-829
-643
-421
-190
26
213
375
531
704
920
1193
1524
1889
2253
2578
2828
2983
3046
3036
2984
2920
2868
2833
2801
2744
2635
2446
2163
1790
1347
853
327
-217
-783
-1382
-2029
-2729
-3476
-4247
-5006
-5709
-6323
-6830
-7224
-7522
-7755
-7957
-8156
-8374
-8616
-8875
-9130
-9361
-9547
-9673
-9737
-9748
-9722
-9674
-9621
-9576
-9545
-9532
-9544
-9594
-9695
-9859
-10093
-10393
-10739
-11102
-11447
-11741
-11955
-12076
-12107
-12060
-11956
-11821
-11677
-11529
-11371
-11183
-10932
-10582
-10103
-9487
-8739
-7883
-6961
-6015
-5079
-4176
-3315
-2491
-1691
-905
-134
612
1316
1949
2491
2930
3271
3526
3714
3858
3969
4044
4078
4063
3992
3875
3740
3623
3563
3593
3733
3981
4317
4710
5126
5532
5903
6232
6521
6779
7024
7274
7542
7830
8135
8448
8754
9042
9311
9561
9791
10000
10180
10314
10380
10361
10251
10057
9804
9529
9276
9077
8954
8914
8939
9001
9067
9109
9112
9076
9024
8994
9021
9137
9358
9676
10063
10480
10884
11236
11513
11709
11836
11910
11950
11976
11990
11985
11951
11876
11752
11579
11370
11142
10906
10667
10417
10136
9797
9379
8875
8296
7667
7029
6424
5878
5402
4986
4602
4212
3779
3280
2706
2068
1396
731
113
-425
-858
-1181
-1405
-1551
-1642
-1706
-1766
-1837
-1935
-2075
-2267
-2518
-2828
-3193
-3593
-3999
-4380
-4705
-4950
-5107
-5187
-5225
-5261
-5348
-5530
-5834
-6259
-6783
-7362
-7940
-8463
-8894
-9216
-9429
-9548
-9597
-9597
-9560
-9492
-9394
-9264
-9105
-8928
-8754
-8602
-8492
-8434
-8424
-8437
-8448
-8429
-8362
-8252
-8128
-8035
-8024
-8136
-8395
-8796
-9306
-9878
-10465
-11026
-11540
-12012
-12462
-12915
-13398
-13930
-14512
-15128
-15750
-16347
-16881
-17321
-17648
-17854
-17935
-17894
-17737
-17467
-17087
-16606
-16041
-15413
-14749
-14079
-13424
-12793
-12180
-11571
-10938
-10255
-9502
-8680
-7803
-6900
-6020
-5213
-4519
-3962
-3545
-3240
-3001
-2772
-2504
-2160
-1722
-1195
-598
48
726
1426
2146
2892
3667
4466
5278
6084
6858
7578
8237
8836
9388
9915
10441
10979
11524
12057
12547
12954
13242
13397
13420
13334
13171
12974
12773
12585
12409
12233
12031
11779
11461
11075
10629
10148
9663
9206
8804
8475
8229
8069
7990
7991
8070
8220
8427
8672
8924
9143
9297
9366
9344
9242
9095
8942
8822
8764
8781
8868
8999
9137
9245
9287
9240
9103
8892
8638
8376
8146
7972
7866
7825
7841
7895
7970
8056
8146
8231
8304
8355
8367
8323
8210
8029
7792
7528
7279
7088
6986
6984
7069
7201
7325
7381
7326
7134
6806
6372
5875
5362
4873
4433
4049
3707
3384
3051
2679
2246
1742
1169
536
-147
-864
-1606
-2369
-3148
-3933
-4715
-5476
-6196
-6856
-7447
-7971
-8437
-8859
-9258
-9646
-10024
-10386
-10717
-10995
-11198
-11311
-11329
-11259
-11119
-10943
-10765
-10612
-10506
-10453
-10442
-10454
-10470
-10477
-10466
-10443
-10424
-10421
-10446
-10502
-10588
-10695
-10812
-10937
-11075
-11233
-11422
-11651
-11917
-12199
-12464
-12675
-12791
-12786
-12658
-12430
-12139
-11833
-11555
-11332
-11164
-11031
-10902
-10736
-10502
-10184
-9785
-9325
-8834
-8351
-7910
-7537
-7246
-7039
-6905
-6828
-6790
-6777
-6777
-6783
-6789
-6788
-6764
-6699
-6581
-6399
-6152
-5853
-5520
-5169
-4814
-4455
-4083
-3674
-3199
-2637
-1974
-1210
-366
525
1424
2295
3109
3854
4537
5178
5798
6422
7063
7721
8385
9038
9663
10244
10770
11246
11674
12059
12401
12698
12934
13091
13159
13137
13037
12889
12738
12628
12591
12637
12756
12909
13043
13112
13083
12947
12718
12432
12134
11858
11627
11445
11296
11150
10976
10750
10456
10092
9674
9221
8754
8289
7837
7396
6959
6524
6095
5683
5303
4978
4722
4536
4406
4311
4216
4090
3912
3680
3407
3122
2867
2679
2585
2596
2703
2882
3098
3320
3527
3710
3871
4022
4177
4340
4509
4677
4833
4968
5079
5176
5267
5365
5477
5600
5716
5796
5808
5722
5517
5193
4768
4270
3732
3182
2630
2068
1472
822
99
-697
-1546
-2410
-3246
-4016
-4694
-5274
-5773
-6217
-6637
-7057
-7495
-7950
-8406
-8842
-9237
-9569
-9830
-10025
-10170
-10283
-10382
-10481
-10583
-10682
-10774
-10861
-10945
-11041
-11171
-11357
-11614
-11945
-12346
-12794
-13253
-13690
-14073
-14379
-14597
-14736
-14812
-14842
-14839
-14810
-14745
-14626
-14433
-14152
-13777
-13311
-12769
-12169
-11519
-10828
-10096
-9318
-8490
-7616
-6711
-5800
-4916
-4097
-3374
-2762
-2261
-1857
-1521
-1221
-936
-656
-388
-150
33
142
177
153
100
60
74
171
362
641
985
1362
1737
2088
2408
2698
2976
3264
3583
3941
4338
4765
5204
5640
6066
6480
6883
7280
7672
8051
8403
8708
8954
9126
9220
9246
9220
9163
9098
9047
9025
9033
9070
9124
9180
9227
9264
9295
9333
9392
9485
9620
9790
9987
10200
10415
10622
10823
11022
11223
11430
11642
11849
12032
12170
12247
12253
12185
12058
11890
11698
11493
11279
11046
10775
10451
10065
9618
9124
8607
8094
7602
7138
6699
6266
5812
5313
4755
4136
3467
2778
2107
1488
950
508
162
-109
-331
-528
-721
-925
-1138
-1354
-1569
-1780
-1983
-2184
-2392
-2611
-2840
-3074
-3301
-3504
-3666
-3778
-3845
-3881
-3916
-3990
-4139
-4389
-4746
-5199
-5711
-6239
-6739
-7178
-7531
-7795
-7982
-8106
-8185
-8230
-8251
-8247
-8215
-8158
-8083
-8000
-7925
-7871
-7846
-7843
-7849
-7847
-7819
-7757
-7671
-7589
-7542
-7565
-7688
-7919
-8246
-8646
-9087
-9537
-9975
-10398
-10818
-11258
-11741
-12294
-12925
-13626
-14371
-15126
-15845
-16487
-17025
-17448
-17759
-17970
-18102
-18167
-18168
-18100
-17955
-17722
-17395
-16979
-16488
-15940
-15349
-14731
-14089
-13415
-12699
-11930
-11105
-10229
-9328
-8436
-7592
-6833
-6182
-5646
-5206
-4834
-4490
-4135
-3738
-3282
-2763
-2187
-1566
-914
-241
450
1158
1885
2628
3383
4136
4868
5569
6231
6858
7465
8076
8713
9381
10071
10759
11401
11956
12393
12703
12896
13003
13067
13126
13201
13295
13390
13455
13450
13348
13137
12820
12426
11995
11573
11197
10893
10673
10529
10446
10406
10399
10417
10459
10531
10631
10748
10867
10967
11025
11027
10972
10877
10768
10680
10648
10693
10817
10997
11197
11368
11463
11454
11338
11135
10882
10631
10427
10298
10258
10299
10396
10516
10628
10706
10735
10707
10629
10507
10347
10154
9938
9706
9468
9247
9067
8948
8902
8926
8999
9079
9120
9078
8925
8651
8275
7833
7369
6924
6531
6201
5927
5684
5443
5172
4841
4437
3956
3405
2795
2142
1457
743
5
-753
-1523
-2295
-3048
-3762
-4422
-5021
-5560
-6051
-6517
-6979
-7449
-7931
-8416
-8878
-9283
-9597
-9796
-9870
-9831
-9712
-9560
-9417
-9322
-9294
-9331
-9412
-9507
-9590
-9636
-9638
-9602
-9545
-9486
-9446
-9443
-9486
-9578
-9718
-9907
-10140
-10413
-10723
-11061
-11410
-11747
-12048
-12286
-12442
-12513
-12513
-12468
-12412
-12381
-12399
-12467
-12569
-12673
-12734
-12710
-12574
-12319
-11955
-11514
-11040
-10579
-10165
-9824
-9563
-9377
-9250
-9165
-9114
-9088
-9082
-9097
-9125
-9151
-9158
-9127
-9044
-8900
-8701
-8461
-8198
-7932
-7677
-7437
-7201
-6945
-6641
-6256
-5760
-5143
-4412
-3591
-2719
-1844
-1005
-228
483
1138
1765
2397
3061
3771
4530
5327
6136
6928
7679
8368
8977
9498
9930
10270
10517
10675
10753
10766
10736
10693
10670
10691
10768
10900
11067
11235
11366
11430
11407
11292
11102
10865
10613
10376
10175
10018
9895
9789
9676
9532
9336
9080
8764
8394
7979
7533
7068
6591
6117
5664
5250
4892
4609
4408
4283
4214
4172
4117
4012
3830
3565
3226
2846
2473
2162
1957
1887
1958
2147
2411
2703
2978
3207
3376
3496
3589
3677
3780
3911
4071
4251
4440
4631
4819
5004
5191
5384
5575
5751
5890
5964
5946
5821
5591
5270
4881
4455
4014
3565
3103
2611
2068
1454
766
16
-772
-1564
-2325
-3025
-3649
-4197
-4677
-5108
-5514
-5913
-6309
-6704
-7089
-7447
-7767
-8043
-8279
-8481
-8658
-8817
-8958
-9072
-9152
-9194
-9202
-9192
-9193
-9242
-9373
-9611
-9964
-10418
-10935
-11468
-11964
-12376
-12676
-12861
-12950
-12976
-12975
-12982
-13015
-13068
-13125
-13157
-13131
-13017
-12799
-12473
-12039
-11509
-10899
-10220
-9481
-8692
-7863
-7010
-6151
-5319
-4545
-3853
-3260
-2766
-2354
-1995
-1661
-1331
-999
-673
-380
-146
10
82
81
33
-22
-50
-26
64
220
429
669
926
1187
1446
1707
1979
2268
2575
2897
3226
3552
3867
4175
4488
4821
5193
5616
6087
6589
7089
7551
7932
8201
8346
8376
8319
8216
8117
8062
8071
8148
8278
8430
8573
8686
8762
8806
8837
8881
8957
9072
9226
9411
9614
9821
10029
10245
10475
10731
11022
11343
11675
11990
12256
12440
12522
12500
12393
12228
12040
11859
11702
11566
11436
11290
11103
10853
10536
10156
9726
9259
8774
8279
7775
7262
6736
6195
5639
5079
4529
4004
3520
3087
2705
2366
2058
1771
1496
1229
975
743
538
361
211
78
-57
-209
-389
-602
-843
-1092
-1325
-1519
-1660
-1746
-1795
-1841
-1923
-2074
-2314
-2646
-3051
-3497
-3946
-4367
-4735
-5039
-5284
-5480
-5637
-5766
-5870
-5946
-5987
-5988
-5950
-5880
-5792
-5708
-5648
-5622
-5632
-5667
-5707
-5728
-5715
-5665
-5587
-5504
-5449
-5455
-5542
-5721
-5993
-6343
-6749
-7196
-7670
-8165
-8683
-9233
-9820
-10442
-11093
-11759
-12420
-13056
-13654
-14209
-14719
-15187
-15615
-15999
-16326
-16578
-16739
-16793
-16730
-16552
-16273
-15911
-15489
-15030
-14553
-14061
-13551
-13013
-12430
-11787
-11086
-10343
-9583
-8846
-8170
-7582
-7090
-6683
-6337
-6014
-5678
-5304
-4882
-4413
-3909
-3390
-2869
-2349
-1824
-1284
-714
-101
553
1234
1921
2591
3222
3802
4338
4846
5343
5850
6378
6922
7462
7976
8438
8826
9131
9358
9521
9635
9717
9780
9822
9832
9796
9699
9530
9290
8995
8671
8344
8044
7791
7594
7452
7359
7305
7279
7273
7288
7322
7372
7437
7512
7586
7648
7692
7714
7721
7723
7740
7792
7886
8018
8173
8322
8431
8474
8442
8342
8199
8051
7938
7887
7910
8002
8140
8290
8422
8513
8553
8544
8501
8445
8388
8335
8288
8236
8168
8084
7989
7898
7829
7802
7822
7879
7949
8001
7997
7907
7719
7443
7101
6728
6364
6044
5784
5583
5428
5287
5122
4903
4609
4229
3767
3235
2652
2029
1377
707
24
-665
-1349
-2011
-2639
-3223
-3758
-4248
-4706
-5149
-5589
-6038
-6497
-6952
-7377
-7746
-8032
-8214
-8290
-8277
-8206
-8112
-8027
-7976
-7963
-7975
-7993
-7991
-7948
-7855
-7721
-7565
-7412
-7291
-7222
-7214
-7261
-7352
-7471
-7602
-7740
-7889
-8060
-8261
-8497
-8763
-9042
-9306
-9532
-9708
-9829
-9909
-9974
-10050
-10153
-10288
-10445
-10597
-10708
-10747
-10693
-10535
-10283
-9963
-9608
-9251
-8921
-8643
-8425
-8264
-8156
-8093
-8065
-8063
-8083
-8116
-8151
-8175
-8180
-8154
-8092
-7997
-7880
-7753
-7629
-7520
-7429
-7347
-7252
-7117
-6912
-6606
-6188
-5661
-5045
-4373
-3683
-3011
-2372
-1771
-1194
-620
-20
623
1318
2059
2831
3610
4371
5097
5777
6404
6977
7500
7968
8374
8707
8962
9135
9234
9282
9310
9350
9427
9554
9721
9902
10061
10160
10171
10080
9900
9660
9398
9156
8971
8861
8822
8836
8868
8877
8822
8680
8440
8106
7695
7235
6755
6280
5832
5432
5090
4810
4596
4443
4339
4266
4205
4132
4019
3850
3614
3314
2966
2607
2278
2022
1872
1848
1943
2132
2376
2638
2881
3084
3244
3372
3485
3602
3742
3913
4114
4341
4592
4859
5140
5439
5754
6079
6401
6699
6944
7106
7162
7102
6932
6670
6349
5999
5642
5285
4919
4522
4064
3521
2885
2162
1375
566
-220
-945
-1584
-2126
-2582
-2977
-3339
-3693
-4058
-4437
-4824
-5203
-5557
-5873
-6137
-6346
-6499
-6597
-6643
-6644
-6611
-6558
-6502
-6468
-6482
-6566
-6738
-7010
-7378
-7821
-8307
-8797
-9246
-9617
-9893
-10078
-10191
-10266
-10341
-10445
-10587
-10761
-10943
-11098
-11190
-11193
-11094
-10886
-10575
-10176
-9697
-9143
-8519
-7829
-7081
-6291
-5487
-4705
-3980
-3340
-2803
-2364
-2003
-1687
-1387
-1077
-749
-415
-107
145
308
363
312
182
12
-153
-266
-297
-236
-95
103
325
538
721
870
990
1096
1205
1336
1496
1688
1915
2176
2471
2801
3170
3577
4013
4463
4906
5309
5639
5870
5988
5994
5911
5777
5637
5533
5493
5527
5624
5754
5888
5997
6061
6076
6054
6014
5975
5957
5973
6031
6130
6275
6468
6711
7006
7352
7737
8136
8517
8846
9087
9216
9232
9155
9017
8860
8730
8651
8631
8653
8687
8692
8625
8463
8195
7829
7386
6900
6400
5907
5434
4982
4539
4092
3635
3168
2696
2233
1797
1396
1035
708
409
126
-149
-416
-668
-897
-1093
-1248
-1360
-1440
-1504
-1567
-1649
-1762
-1906
-2068
-2231
-2373
-2476
-2533
-2555
-2563
-2585
-2649
-2781
-2986
-3260
-3586
-3941
-4299
-4638
-4946
-5215
-5442
-5627
-5769
-5863
-5902
-5883
-5810
-5693
-5552
-5418
-5318
-5267
-5271
-5316
-5371
-5398
-5366
-5257
-5071
-4830
-4578
-4360
-4218
-4184
-4272
-4475
-4770
-5131
-5529
-5941
-6356
-6774
-7205
-7659
-8144
-8668
-9226
-9807
-10400
-10995
-11579
-12144
-12683
-13191
-13653
-14055
-14384
-14620
-14749
-14764
-14665
-14461
-14167
-13810
-13414
-12994
-12563
-12120
-11655
-11150
-10594
-9985
-9326
-8637
-7946
-7282
-6666
-6111
-5623
-5192
-4804
-4442
-4094
-3744
-3384
-3009
-2610
-2179
-1708
-1192
-627
-16
626
1275
1906
2496
3025
3490
3904
4289
4674
5086
5544
6050
6589
7134
7655
8120
8506
8807
9028
9181
9285
9358
9407
9432
9426
9377
9276
9118
8913
8676
8424
8178
7953
7753
7574
7406
7242
7070
6890
6711
6548
6416
6334
6313
6351
6433
6538
6639
6711
6737
6720
6675
6623
6589
6591
6635
6710
6800
6889
6958
7002
7027
7045
7072
7119
7194
7292
7400
7503
7589
7647
7676
7685
7687
7690
7700
7718
7736
7740
7721
7678
7616
7550
7500
7483
7504
7556
7622
7671
7673
7607
7465
7255
6998
6728
6481
6279
6134
6042
5982
5921
5830
5684
5469
5182
4832
4432
3990
3514
3006
2466
1892
1286
659
24
-603
-1200
-1754
-2258
-2713
-3130
-3525
-3922
-4334
-4764
-5203
-5629
-6013
-6322
-6539
-6659
-6689
-6651
-6575
-6484
-6389
-6297
-6201
-6090
-5954
-5796
-5622
-5448
-5290
-5166
-5082
-5032
-5008
-4996
-4987
-4976
-4976
-5004
-5078
-5214
-5420
-5684
-5983
-6289
-6575
-6820
-7019
-7183
-7334
-7492
-7672
-7882
-8109
-8324
-8496
-8593
-8591
-8483
-8284
-8024
-7736
-7456
-7211
-7013
-6858
-6734
-6629
-6530
-6433
-6346
-6280
-6244
-6244
-6279
-6338
-6401
-6449
-6466
-6444
-6381
-6293
-6199
-6116
-6057
-6021
-5993
-5943
-5839
-5655
-5374
-4997
-4546
-4049
-3536
-3028
-2537
-2056
-1566
-1045
-477
148
827
1542
2268
2980
3658
4287
4862
5387
5866
6299
6685
7020
7297
7510
7666
7776
7856
7922
7990
8063
8132
8181
8191
8142
8022
7837
7602
7341
7085
6861
6687
6564
6479
6409
6319
6179
5972
5693
5349
4958
4547
4138
3746
3382
3051
2750
2478
2238
2032
1860
1723
1616
1528
1438
1324
1166
947
665
333
-16
-347
-615
-786
-840
-783
-635
-431
-212
-15
139
247
317
372
440
543
695
902
1163
1468
1807
2175
2569
2982
3406
3830
4234
4591
4875
5070
5168
5171
5098
4971
4807
4616
4397
4138
3817
3417
2929
2355
1710
1023
330
-336
-952
-1501
-1985
-2421
-2828
-3224
-3623
-4031
-4438
-4826
-5178
-5477
-5710
-5875
-5976
-6022
-6023
-5990
-5933
-5859
-5773
-5685
-5606
-5549
-5531
-5575
-5694
-5893
-6165
-6492
-6840
-7172
-7459
-7683
-7842
-7950
-8039
-8137
-8269
-8446
-8663
-8897
-9115
-9281
-9365
-9342
-9202
-8947
-8588
-8135
-7602
-7005
-6352
-5657
-4935
-4207
-3492
-2808
-2172
-1591
-1060
-570
-112
327
752
1155
1522
1833
2072
2222
2281
2263
2188
2086
1990
1929
1917
1955
2033
2133
2231
2310
2362
2389
2396
2399
2412
2447
2510
2610
2753
2942
3181
3475
3824
4221
4654
5103
5536
5916
6211
6397
6462
6417
6295
6142
6004
5923
5922
5998
6124
6263
6370
6410
6364
6236
6050
5837
5637
5484
5402
5397
5470
5611
5807
6042
6307
6591
6879
7159
7413
7620
7763
7834
7837
7786
7709
7636
7597
7604
7657
7741
7822
7862
7826
7690
7444
7094
6665
6186
5684
5185
4703
4240
3790
3347
2907
2469
2035
1613
1207
815
435
62
-309
-680
-1044
-1388
-1698
-1959
-2154
-2279
-2340
-2351
-2336
-2326
-2348
-2418
-2536
-2689
-2847
-2976
-3046
-3046
-2983
-2881
-2781
-2726
-2750
-2870
-3084
-3375
-3706
-4044
-4360
-4634
-4855
-5024
-5149
-5234
-5279
-5286
-5256
-5189
-5093
-4986
-4887
-4810
-4763
-4746
-4738
-4712
-4641
-4502
-4286
-4001
-3676
-3350
-3064
-2856
-2753
-2763
-2875
-3070
-3320
-3599
-3888
-4181
-4483
-4804
-5155
-5546
-5978
-6445
-6939
-7455
-7985
-8528
-9084
-9650
-10214
-10758
-11257
-11681
-11999
-12192
-12250
-12178
-11996
-11737
-11437
-11126
-10821
-10527
-10226
-9889
-9486
-8997
-8412
-7745
-7031
-6312
-5631
-5023
-4508
-4082
-3727
-3416
-3122
-2820
-2493
-2137
-1753
-1342
-904
-439
58
591
1157
1740
2322
2879
3385
3822
4191
4503
4785
5068
5386
5762
6199
6690
7211
7725
8195
8592
8895
9097
9207
9245
9232
9188
9129
9063
8989
8901
8798
8676
8530
8361
8168
7946
7689
7395
7068
6714
6349
5997
5683
5430
5256
5168
5159
5206
5277
5337
5351
5297
5169
4983
4764
4547
4368
4249
4196
4202
4246
4304
4352
4378
4383
4374
4364
4369
4394
4435
4482
4525
4549
4549
4531
4510
4498
4511
4554
4621
4694
4752
4780
4764
4707
4622
4531
4453
4402
4385
4393
4408
4409
4377
4297
4166
3991
3791
3584
3391
3226
3096
2993
2906
2821
2722
2595
2433
2231
1985
1689
1342
940
482
-26
-569
-1131
-1690
-2221
-2703
-3124
-3486
-3797
-4083
-4375
-4700
-5076
-5505
-5972
-6442
-6872
-7224
-7469
-7595
-7610
-7541
-7418
-7272
-7124
-6986
-6854
-6716
-6563
-6387
-6187
-5972
-5758
-5556
-5374
-5211
-5060
-4909
-4747
-4575
-4402
-4245
-4130
-4082
-4117
-4234
-4421
-4657
-4910
-5152
-5365
-5543
-5689
-5816
-5942
-6080
-6233
-6396
-6554
-6683
-6759
-6767
-6700
-6563
-6368
-6137
-5888
-5636
-5394
-5170
-4969
-4794
-4654
-4554
-4497
-4483
-4507
-4558
-4615
-4659
-4673
-4643
-4563
-4444
-4303
-4164
-4048
-3972
-3938
-3930
-3924
-3891
-3803
-3641
-3404
-3102
-2752
-2372
-1976
-1570
-1144
-687
-188
360
952
1573
2198
2805
3375
3900
4383
4841
5293
5750
6219
6693
7151
7563
7907
8165
8333
8419
8447
8443
8427
8414
8407
8396
8365
8297
8182
8015
7803
7566
7320
7080
6854
6639
6421
6181
5906
5588
5225
4826
4409
3990
3581
3192
2831
2497
2188
1905
1647
1413
1204
1021
862
716
572
415
226
-7
-287
-602
-928
-1235
-1485
-1652
-1726
-1712
-1633
-1520
-1410
-1325
-1274
-1252
-1242
-1217
-1155
-1044
-881
-670
-425
-158
128
438
778
1156
1578
2037
2509
2967
3379
3715
3954
4094
4144
4121
4044
3930
3788
3614
3398
3129
2794
2386
1911
1383
823
252
-306
-837
-1338
-1810
-2260
-2694
-3116
-3523
-3903
-4247
-4547
-4793
-4986
-5131
-5232
-5293
-5317
-5308
-5264
-5182
-5068
-4929
-4778
-4632
-4518
-4456
-4460
-4535
-4675
-4860
-5061
-5254
-5420
-5550
-5649
-5738
-5841
-5975
-6153
-6371
-6613
-6849
-7050
-7192
-7256
-7236
-7137
-6969
-6736
-6440
-6080
-5645
-5128
-4529
-3858
-3137
-2396
-1670
-988
-367
188
684
1138
1568
1985
2391
2778
3131
3428
3651
3791
3851
3844
3795
3735
3689
3672
3690
3733
3781
3812
3812
3772
3694
3593
3488
3399
3343
3334
3381
3485
3642
3852
4106
4393
4706
5034
5360
5665
5931
6141
6280
6343
6341
6293
6223
6161
6128
6134
6171
6221
6258
6254
6190
6063
5886
5679
5473
5298
5172
5104
5092
5126
5193
5282
5391
5520
5668
5834
6009
6176
6312
6397
6421
6385
6302
6202
6114
6061
6058
6103
6176
6244
6269
6216
6060
5789
5413
4958
4453
3934
3431
2961
2525
2118
1729
1341
942
528
98
-345
-798
-1252
-1703
-2146
-2575
-2982
-3361
-3704
-3999
-4239
-4420
-4546
-4625
-4675
-4720
-4776
-4854
-4956
-5069
-5168
-5230
-5238
-5186
-5083
-4957
-4845
-4779
-4784
-4871
-5032
-5245
-5479
-5708
-5911
-6076
-6206
-6311
-6400
-6477
-6542
-6589
-6605
-6583
-6522
-6432
-6326
-6224
-6140
-6075
-6019
-5952
-5849
-5685
-5446
-5139
-4783
-4412
-4068
-3793
-3617
-3551
-3588
-3708
-3874
-4054
-4222
-4371
-4502
-4636
-4797
-5010
-5288
-5639
-6061
-6541
-7061
-7607
-8164
-8715
-9247
-9749
-10204
-10596
-10909
-11130
-11249
-11264
-11188
-11040
-10841
-10614
-10374
-10125
-9853
-9539
-9162
-8702
-8153
-7528
-6854
-6166
-5501
-4893
-4358
-3895
-3494
-3134
-2789
-2439
-2071
-1680
-1263
-819
-350
146
676
1236
1816
2402
2968
3488
3938
4311
4613
4867
5108
5378
5708
6115
6599
7140
7697
8225
8683
9041
9282
9416
9468
9470
9456
9450
9467
9503
9544
9573
9571
9522
9416
9255
9040
8775
8468
8130
7770
7402
7041
6704
6408
6167
5995
5894
5856
5863
5887
5893
5847
5731
5538
5279
4982
4686
4429
4237
4123
4084
4101
4147
4202
4246
4272
4279
4275
4268
4257
4242
4222
4191
4149
4107
4078
4076
4113
4195
4313
4443
4560
4639
4660
4618
4526
4407
4288
4194
4145
4144
4178
4224
4256
4244
4169
4027
3829
3595
3355
3139
2969
2854
2790
2765
2758
2744
2705
2626
2496
2306
2057
1748
1383
970
521
51
-425
-889
-1325
-1724
-2082
-2402
-2700
-2997
-3318
-3679
-4094
-4561
-5060
-5559
-6024
-6419
-6715
-6901
-6982
-6973
-6895
-6776
-6637
-6490
-6340
-6189
-6036
-5875
-5708
-5536
-5360
-5174
-4974
-4750
-4493
-4200
-3879
-3550
-3238
-2979
-2802
-2728
-2757
-2876
-3060
-3274
-3485
-3669
-3819
-3935
-4034
-4141
-4275
-4448
-4661
-4901
-5140
-5347
-5494
-5562
-5541
-5437
-5269
-5057
-4819
-4573
-4332
-4102
-3889
-3701
-3544
-3426
-3352
-3324
-3339
-3382
-3436
-3478
-3485
-3438
-3335
-3183
-3003
-2826
-2684
-2605
-2596
-2652
-2749
-2849
-2910
-2899
-2796
-2595
-2304
-1946
-1544
-1118
-681
-242
202
652
1109
1568
2026
2480
2930
3380
3844
4333
4853
5403
5971
6528
7040
7475
7810
8035
8157
8200
8194
8169
8151
8153
8174
8199
8211
8187
8108
7967
7767
7521
7243
6951
6655
6357
6049
5724
5374
4993
4585
4161
3736
3322
2929
2563
2219
1888
1564
1240
914
589
279
-2
-244
-442
-599
-734
-870
-1031
-1234
-1485
-1775
-2076
-2358
-2590
-2753
-2837
-2853
-2822
-2770
-2718
-2684
-2671
-2669
-2667
-2651
-2609
-2536
-2432
-2299
-2135
-1931
-1678
-1362
-973
-511
5
544
1068
1535
1909
2173
2329
2392
2389
2353
2307
2261
2212
2145
2035
1855
1590
1235
798
300
-230
-767
-1295
-1804
-2296
-2776
-3251
-3720
-4172
-4594
-4971
-5286
-5533
-5714
-5840
-5925
-5985
-6033
-6074
-6100
-6102
-6066
-5979
-5836
-5651
-5445
-5247
-5089
-4999
-4987
-5049
-5166
-5313
-5460
-5586
-5684
-5760
-5828
-5906
-6015
-6159
-6334
-6527
-6720
-6889
-7018
-7095
-7116
-7074
-6967
-6787
-6524
-6166
-5705
-5145
-4497
-3787
-3047
-2314
-1612
-961
-367
176
683
1167
1637
2096
2539
2951
3316
3621
3858
4028
4140
4212
4260
4294
4321
4339
4336
4303
4237
4140
4020
3898
3793
3722
3696
3717
3783
3881
3997
4124
4258
4398
4554
4739
4961
5221
5512
5818
6109
6357
6544
6660
6708
6705
6679
6651
6636
6639
6650
6651
6622
6548
6429
6269
6089
5913
5762
5648
5575
5541
5535
5545
5570
5610
5666
5744
5844
5959
6074
6171
6238
6264
6251
6213
6167
6132
6122
6145
6195
6252
6293
6293
6224
6072
5835
5523
5153
4749
4336
3929
3532
3143
2755
2357
1943
1513
1072
625
180
-257
-686
-1110
-1533
-1959
-2390
-2821
-3241
-3632
-3979
-4266
-4482
-4627
-4716
-4764
-4794
-4826
-4870
-4925
-4980
-5019
-5028
-4995
-4921
-4820
-4714
-4625
-4576
-4581
-4640
-4743
-4875
-5019
-5158
-5284
-5397
-5501
-5599
-5693
-5783
-5860
-5915
-5944
-5947
-5926
-5891
-5851
-5808
-5759
-5696
-5607
-5477
-5295
-5063
-4786
-4481
-4170
-3881
-3637
-3452
-3331
-3270
-3252
-3259
-3276
-3297
-3322
-3362
-3434
-3553
-3730
-3969
-4270
-4624
-5019
-5451
-5911
-6394
-6896
-7414
-7937
-8448
-8925
-9347
-9688
-9929
-10063
-10097
-10043
-9926
-9770
-9592
-9394
-9169
-8899
-8562
-8138
-7624
-7032
-6386
-5723
-5082
-4496
-3977
-3527
-3130
-2759
-2387
-1992
-1567
-1108
-625
-133
361
852
1339
1823
2305
2782
3244
3678
4078
4440
4767
5073
5380
5707
6069
6474
6917
7382
7844
8278
8658
8968
9202
9370
9489
9579
9660
9747
9841
9932
10007
10052
10048
9989
9872
9700
9478
9214
8918
8596
8252
7898
7544
7204
6894
6635
6440
6311
6242
6215
6195
6146
6038
5851
5583
5252
4894
4552
4262
4051
3929
3884
3890
3917
3936
3925
3878
3796
3694
3586
3489
3417
3379
3378
3406
3443
3450
3384
3204
2887
2437
1890
1310
767
322
15
-148
-192
-160
-95
-32
9
26
26
19
10
3
0
0
0
0
0
0
0
0
0
0
0
0
0
0
0
0
0
0
0
0
0
0
0
0
0
0
0
0
0
0
0
0
0
0
0
0
0
0
0
0
0
0
0
0
0
0
0
0
0
0
0
0
0
0
0
0
0
0
0
0
0
0
0
0
0
0
0
0
0
0
0
0
0
0
0
0
0
0
0
0
0
0
0
0
0
0
0
0
0
0
0
0
0
0
0
0
0
0
0
0
0
0
0
0
0
0
0
0
0
0
0
0
0
0
0
0
0
0
0
0
0
0
0
0
0
0
0
0
0
0
0
0
0
0
0
0
0
0
0
0
0
0
0
0
0
0
0
0
0
0
0
0
0
0
0
0
0
0
0
0
0
0
0
0
0
0
0
0
0
0
0
0
0
0
0
0
0
0
0
0
0
0
0
0
0
0
0
0
0
0
0
0
0
0
0
0
0
0
0
0
0
0
0
0
0
0
0
0
0
0
0
0
0
0
0
0
0
0
0
0
0
0
0
0
0
0
0
0
0
0
0
0
0
0
0
0
0
0
0
0
0
0
0
0
0
0
0
0
0
0
0
0
0
0
0
0
0
0
0
0
0
0
0
0
0
0
0
0
0
0
0
0
0
0
0
0
0
0
0
0
0
0
0
0
0
0
0
0
0
0
0
0
0
0
0
0
0
0
0
0
0
0
0
0
0
0
0
0
0
0
0
0
0
0
0
0
0
0
0
0
0
0
0
0
0
0
0
0
0
0
0
0
0
0
0
0
0
0
0
0
0
0
0
0
0
0
0
0
0
0
0
0
0
0
0
0
0
0
0
0
0
0
0
0
0
0
0
0
0
0
0
0
0
0
0
0
0
0
0
0
0
0
0
0
0
0
0
0
0
0
0
0
0
0
0
0
0
0
0
0
0
0
0
0
0
0
0
0
0
0
0
0
0
0
0
0
0
0
0
0
0
0
0
0
0
0
0
0
0
0
0
0
0
0
0
0
0
0
0
0
0
0
0
0
0
0
0
0
