18
513
-117
-448
256
372
-369
-305
417
115
-528
-60
475
-129
-474
249
414
-329
-269
479
219
-446
25
600
-7
-372
336
526
-198
-198
548
276
-408
-20
549
-33
-436
241
475
-246
-249
510
339
-329
57
673
127
-268
413
663
-69
-99
675
492
-216
142
765
232
-201
443
716
-50
-112
615
478
-257
67
697
179
-294
335
644
-66
-171
596
487
-228
64
705
204
-324
290
623
-96
-224
518
455
-286
-17
635
155
-371
224
584
-137
-309
431
366
-381
-159
493
23
-547
32
406
-292
-501
237
212
-537
-319
373
-33
-607
-29
388
-275
-514
226
252
-511
-325
368
-9
-633
-109
335
-348
-603
97
138
-637
-489
199
-155
-785
-269
212
-431
-706
25
112
-643
-527
210
-119
-748
-263
232
-386
-721
17
136
-610
-509
238
-30
-678
-196
331
-288
-616
103
244
-499
-450
313
35
-641
-180
349
-220
-600
93
295
-465
-424
305
83
-592
-165
419
-143
-535
170
369
-359
-365
402
194
-504
-101
496
-67
-515
144
381
-365
-387
341
185
-525
-153
447
-87
-560
94
362
-355
-444
324
174
-565
-236
392
-109
-586
47
385
-330
-431
335
229
-490
-189
433
-66
-564
53
394
-353
-499
246
163
-581
-315
329
-112
-650
-46
305
-390
-556
211
184
-560
-303
361
-34
-598
-15
382
-294
-485
278
295
-448
-222
483
74
-501
46
466
-207
-425
314
338
-406
-234
479
83
-529
16
454
-211
-481
255
320
-421
-256
466
147
-461
68
531
-99
-390
360
449
-298
-189
526
197
-439
53
542
-73
-410
312
427
-330
-249
477
184
-457
10
535
-95
-447
257
416
-344
-307
422
134
-515
-88
453
-145
-537
159
314
-430
-415
337
96
-586
-182
372
-200
-622
70
276
-456
-481
278
67
-620
-240
352
-207
-648
21
236
-500
-540
198
25
-679
-305
291
-235
-698
-13
259
-484
-554
207
56
-650
-325
302
-202
-687
-33
263
-454
-563
188
85
-632
-331
298
-172
-701
-81
255
-456
-604
157
62
-659
-379
276
-166
-689
-75
292
-385
-547
219
176
-549
-301
372
-65
-610
-34
365
-330
-532
230
236
-506
-286
407
12
-575
15
432
-233
-466
290
311
-431
-251
441
69
-529
11
457
-206
-477
268
314
-443
-288
416
83
-546
-15
471
-194
-460
270
368
-382
-237
490
188
-442
52
540
-83
-404
301
430
-340
-243
465
187
-489
-9
505
-128
-459
236
407
-371
-306
427
177
-490
-39
513
-68
-443
261
452
-274
-248
507
267
-424
0
546
-22
-438
251
470
-271
-270
487
293
-398
-1
595
52
-366
300
547
-208
-237
512
329
-373
-18
582
63
-401
243
524
-219
-277
474
328
-390
-49
573
74
-425
245
559
-172
-271
475
385
-341
-35
599
116
-404
233
558
-172
-327
411
344
-413
-144
483
14
-536
51
403
-325
-501
241
194
-544
-318
357
-77
-626
-53
357
-355
-537
196
196
-565
-324
343
-61
-650
-87
319
-372
-606
125
125
-626
-461
239
-149
-744
-199
229
-416
-680
63
107
-643
-487
199
-148
-780
-255
229
-421
-704
14
112
-665
-517
207
-97
-737
-237
271
-367
-671
49
166
-576
-490
270
-31
-663
-186
336
-292
-630
70
221
-540
-497
241
-23
-679
-249
312
-290
-643
60
253
-494
-464
288
61
-604
-184
393
-186
-582
110
305
-422
-455
302
83
-603
-204
395
-169
-586
79
325
-417
-449
316
139
-555
-185
431
-92
-554
82
380
-377
-443
288
155
-559
-230
391
-110
-586
60
364
-352
-466
300
176
-542
-241
381
-94
-605
26
365
-359
-491
250
170
-581
-313
347
-123
-667
-50
310
-391
-587
170
109
-656
-415
226
-197
-787
-188
193
-499
-688
43
40
-693
-477
221
-121
-675
-112
345
-314
-544
227
231
-515
-328
363
-12
-634
-125
352
-363
-586
123
151
-559
-441
254
-49
-688
-148
338
-303
-569
153
247
-524
-434
282
-29
-670
-156
325
-329
-621
82
190
-600
-554
155
-120
-822
-368
146
-475
-806
-132
-4
-790
-687
106
-88
-728
-238
315
-176
-527
183
389
-366
-328
413
145
-565
-162
342
-211
-624
66
255
-520
-494
261
76
-576
-229
393
-110
-492
189
431
-348
-423
313
171
-502
-168
443
-92
-515
165
453
-307
-377
353
159
-578
-281
331
-173
-661
-51
228
-464
-513
272
206
-470
-160
486
2
-509
134
458
-268
-441
297
214
-549
-296
378
-64
-578
41
397
-257
-357
436
420
-311
-78
599
178
-436
116
434
-288
-545
205
219
-494
-270
425
46
-515
94
514
-168
-430
277
287
-478
-324
346
-49
-646
-73
386
-304
-549
191
277
-454
-290
421
66
-541
-28
443
-218
-517
206
295
-498
-370
344
17
-636
-152
345
-297
-608
103
249
-487
-359
422
172
-419
117
649
37
-323
378
528
-244
-202
489
223
-462
-32
521
-66
-437
253
437
-340
-298
468
262
-405
22
619
45
-337
313
543
-219
-212
530
314
-407
-48
514
-70
-520
133
351
-380
-444
307
115
-583
-231
353
-175
-641
31
346
-375
-417
372
253
-441
-104
503
-13
-536
99
364
-375
-477
259
170
-569
-247
375
-73
-587
52
393
-318
-447
295
216
-560
-309
336
-147
-698
-106
260
-440
-585
152
130
-613
-344
339
-92
-637
-77
323
-365
-554
180
176
-582
-375
292
-109
-701
-162
264
-399
-616
164
198
-516
-301
447
83
-491
54
504
-175
-433
284
338
-408
-274
430
94
-484
53
552
-62
-334
422
528
-202
-54
669
366
-278
243
721
80
-232
475
582
-196
-122
606
278
-386
56
560
-76
-441
244
368
-409
-368
349
87
-585
-151
400
-204
-578
111
322
-436
-409
319
91
-590
-173
382
-196
-606
82
277
-469
-511
229
21
-683
-303
282
-283
-712
-29
205
-527
-561
190
19
-661
-305
317
-210
-649
22
323
-385
-451
319
188
-521
-198
439
-58
-533
89
400
-332
-437
316
199
-526
-228
435
-34
-504
133
492
-199
-305
456
384
-348
-55
586
140
-415
192
533
-179
-334
406
386
-367
-114
564
120
-418
150
555
-149
-331
418
398
-339
-133
543
140
-437
117
529
-152
-386
339
371
-373
-186
527
149
-433
105
529
-121
-391
355
387
-363
-219
490
133
-493
24
479
-183
-487
232
311
-465
-359
332
0
-640
-156
346
-289
-598
113
237
-537
-450
263
-34
-698
-234
294
-314
-649
72
242
-498
-447
297
39
-622
-177
356
-237
-593
93
299
-453
-419
335
101
-578
-154
404
-156
-564
138
344
-384
-392
394
213
-462
-44
547
29
-374
330
584
-138
-177
593
455
-254
114
713
182
-289
389
647
-74
-142
620
495
-239
95
695
186
-312
314
597
-128
-256
494
364
-355
-61
567
81
-433
184
530
-174
-315
440
370
-365
-83
587
118
-410
170
539
-184
-364
377
341
-416
-195
465
41
-515
74
452
-238
-441
318
299
-450
-264
418
14
-555
-7
396
-296
-520
221
221
-540
-355
333
-38
-662
-118
318
-329
-591
151
200
-555
-394
324
-43
-667
-156
317
-319
-603
119
216
-529
-391
350
37
-584
-78
430
-184
-502
247
352
-375
-286
468
194
-453
29
548
-34
-370
368
524
-219
-143
610
351
-322
126
659
70
-318
383
554
-193
-168
588
352
-339
81
642
58
-338
354
560
-191
-201
537
331
-372
18
570
30
-412
246
471
-277
-310
427
246
-458
-102
513
-39
-497
145
431
-310
-374
364
212
-501
-172
458
-46
-540
116
421
-299
-396
353
253
-467
-170
465
-14
-529
105
425
-290
-431
329
249
-469
-179
480
25
-498
92
471
-243
-410
337
293
-437
-205
480
49
-494
94
503
-183
-379
378
376
-368
-151
526
137
-439
116
546
-139
-362
370
401
-344
-162
554
188
-407
155
610
-42
-285
447
517
-233
-77
630
295
-337
183
633
-4
-309
412
491
-254
-141
579
259
-365
123
631
2
-314
415
560
-218
-116
620
326
-343
135
628
14
-365
353
471
-284
-235
493
222
-462
-24
511
-75
-458
238
410
-348
-331
393
163
-530
-106
443
-121
-538
148
349
-387
-402
344
130
-553
-156
411
-140
-564
112
350
-406
-432
314
142
-566
-198
410
-109
-556
98
377
-369
-415
332
204
-527
-175
439
-53
-530
124
441
-270
-382
392
277
-434
-121
515
48
-465
163
495
-216
-334
423
349
-371
-89
577
122
-405
203
577
-141
-307
436
410
-341
-93
568
123
-431
134
518
-185
-389
350
354
-394
-180
520
101
-449
121
536
-138
-372
363
385
-376
-185
498
133
-480
65
513
-150
-422
325
369
-367
-215
489
166
-464
65
532
-117
-396
333
415
-343
-223
499
172
-462
17
526
-112
-424
285
402
-353
-266
457
173
-491
-7
496
-129
-489
209
380
-373
-319
432
167
-487
-59
493
-103
-487
198
372
-366
-352
391
163
-521
-92
472
-90
-490
215
435
-305
-305
444
245
-436
-64
527
-16
-437
233
489
-253
-288
456
285
-430
-50
532
22
-447
216
492
-251
-318
447
291
-421
-79
527
27
-479
184
467
-252
-382
387
259
-456
-154
499
13
-486
129
490
-227
-359
380
312
-424
-145
508
44
-504
100
448
-259
-429
309
278
-488
-222
427
17
-561
33
436
-269
-450
278
285
-458
-253
443
30
-530
17
448
-236
-468
281
315
-429
-262
444
59
-526
30
479
-185
-465
296
341
-387
-232
479
120
-480
31
514
-135
-419
305
400
-367
-233
477
168
-466
38
530
-97
-415
300
418
-336
-247
473
185
-485
-8
491
-136
-477
222
374
-388
-340
413
135
-519
-99
451
-155
-532
142
317
-436
-419
309
62
-628
-224
307
-286
-693
-15
209
-519
-523
207
10
-690
-271
339
-224
-597
92
334
-385
-426
340
175
-512
-140
454
-100
-583
18
264
-464
-561
206
59
-682
-340
275
-234
-749
-74
249
-431
-495
274
149
-599
-290
354
-124
-616
-3
326
-395
-551
196
133
-663
-431
177
-306
-840
-225
150
-575
-749
-44
-78
-833
-562
136
-263
-760
-122
300
-385
-550
204
204
-530
-327
318
-124
-719
-184
219
-499
-717
22
49
-705
-498
211
-150
-756
-173
301
-351
-558
227
253
-513
-392
335
-31
-648
-115
352
-286
-531
235
332
-431
-323
399
44
-644
-131
341
-311
-644
66
213
-529
-426
330
89
-547
-93
430
-180
-559
151
285
-496
-478
234
-23
-676
-215
341
-241
-591
133
346
-365
-305
478
291
-369
13
524
-67
-498
167
340
-468
-506
213
33
-638
-170
436
-66
-480
207
478
-273
-315
426
220
-508
-179
408
-127
-600
73
338
-402
-485
289
178
-538
-191
432
-53
-542
122
454
-264
-353
406
298
-422
-114
510
42
-491
87
412
-323
-511
220
149
-578
-288
413
-8
-481
159
575
-120
-276
452
406
-341
-110
543
70
-489
86
469
-230
-434
284
253
-496
-286
416
30
-520
72
480
-198
-413
326
377
-365
-164
525
127
-501
31
467
-209
-480
230
279
-500
-365
339
-12
-616
-122
325
-359
-652
104
207
-523
-380
352
30
-577
-86
412
-231
-546
177
283
-482
-374
346
97
-526
-16
504
-99
-426
298
437
-291
-234
482
194
-487
-97
438
-186
-555
142
327
-413
-378
385
152
-512
-82
475
-105
-491
220
426
-322
-318
450
241
-451
-78
478
-84
-536
143
372
-366
-399
369
208
-475
-96
519
7
-455
216
498
-235
-317
450
303
-398
-76
556
61
-424
244
563
-153
-265
502
405
-308
2
653
177
-312
297
640
-71
-202
572
482
-252
35
693
242
-274
307
671
-63
-233
506
452
-301
-80
592
153
-400
188
579
-98
-299
464
480
-261
-37
645
262
-323
262
665
-15
-264
479
486
-269
-99
562
162
-461
56
513
-185
-434
316
354
-401
-247
459
114
-493
28
513
-140
-423
323
418
-316
-203
525
187
-480
24
506
-133
-463
255
356
-404
-331
372
77
-602
-133
398
-224
-565
175
328
-417
-362
378
117
-558
-97
426
-162
-552
144
326
-430
-402
355
117
-558
-134
414
-135
-573
132
353
-406
-403
341
130
-563
-195
401
-168
-594
63
313
-427
-484
283
93
-582
-247
379
-150
-609
57
329
-378
-459
296
151
-571
-241
373
-121
-610
33
342
-373
-484
288
180
-542
-253
376
-112
-616
7
353
-361
-488
261
194
-546
-283
365
-102
-641
-39
317
-371
-531
232
207
-546
-279
386
-31
-574
0
400
-294
-489
263
265
-471
-261
423
17
-571
-2
376
-287
-545
197
208
-550
-372
322
-55
-635
-90
388
-282
-517
243
317
-407
-250
473
143
-448
68
558
-105
-384
331
441
-324
-193
530
221
-405
85
579
-55
-383
331
467
-295
-206
523
235
-397
74
613
6
-319
401
560
-168
-108
653
371
-276
154
689
92
-314
381
555
-205
-191
545
297
-383
22
598
7
-373
273
515
-221
-226
525
316
-367
26
600
52
-377
289
550
-194
-238
517
341
-370
1
588
67
-398
252
526
-211
-297
459
305
-401
-102
515
-22
-516
106
419
-348
-451
289
213
-518
-211
415
-44
-550
71
401
-294
-438
334
249
-487
-217
426
-30
-546
47
420
-280
-444
325
280
-465
-198
464
46
-514
82
450
-246
-454
283
277
-470
-246
419
28
-557
11
452
-235
-448
308
334
-418
-216
474
111
-469
58
519
-150
-423
332
374
-365
-201
515
167
-444
72
547
-104
-386
323
442
-319
-186
526
203
-413
90
601
-35
-369
379
518
-230
-130
602
299
-348
142
651
49
-309
406
543
-208
-164
570
304
-363
74
601
8
-392
313
492
-276
-253
463
236
-447
-41
528
-46
-448
251
470
-269
-278
473
271
-414
-21
563
8
-421
236
496
-244
-286
457
303
-401
-20
582
55
-398
274
558
-167
-248
503
370
-349
1
614
93
-382
263
562
-160
-270
484
372
-342
-42
593
109
-382
235
570
-133
-263
492
431
-305
-27
643
176
-345
263
618
-83
-252
481
443
-304
-69
603
171
-382
207
593
-106
-302
446
435
-310
-104
589
184
-388
170
580
-99
-344
406
418
-317
-152
545
157
-440
91
526
-140
-413
315
353
-399
-268
446
86
-515
-20
450
-203
-492
214
306
-446
-316
390
74
-577
-68
394
-228
-556
163
275
-478
-381
349
61
-587
-106
426
-197
-522
184
340
-398
-356
405
147
-503
-55
485
-100
-473
243
411
-332
-313
447
213
-463
-46
520
-72
-466
205
422
-335
-342
397
210
-490
-90
494
-45
-468
206
459
-291
-325
405
242
-461
-129
501
-47
-476
164
456
-281
-353
409
267
-447
-87
511
20
-478
182
475
-229
-331
433
322
-402
-82
537
70
-440
197
523
-181
-327
431
354
-374
-97
566
114
-416
194
559
-154
-325
432
396
-347
-86
577
154
-391
184
589
-111
-316
435
415
-318
-126
569
157
-425
126
546
-118
-355
402
413
-315
-167
561
169
-412
133
570
-94
-349
377
429
-321
-175
519
168
-442
67
552
-107
-396
320
418
-339
-218
519
179
-424
59
566
-73
-378
337
459
-294
-207
526
223
-422
50
572
-36
-381
354
500
-240
-189
562
290
-367
84
637
39
-328
363
543
-206
-215
534
287
-395
20
580
0
-403
266
490
-281
-264
449
253
-460
-66
515
-35
-478
189
437
-319
-339
403
236
-482
-120
479
-54
-511
126
399
-350
-422
303
177
-551
-209
420
-95
-577
70
396
-336
-433
310
218
-511
-211
423
-68
-566
51
391
-331
-473
274
189
-545
-270
372
-88
-627
-18
341
-361
-534
204
160
-560
-340
347
-83
-637
-55
332
-358
-560
174
161
-596
-380
320
-99
-653
-102
322
-346
-589
171
199
-539
-352
367
-4
-584
-40
400
-262
-533
204
272
-493
-328
373
35
-579
-49
400
-234
-533
208
274
-477
-353
360
52
-574
-78
426
-221
-523
194
313
-438
-342
379
103
-545
-73
449
-157
-507
211
354
-400
-333
401
143
-515
-85
465
-127
-495
188
378
-379
-360
384
152
-539
-106
453
-115
-532
174
384
-365
-373
380
181
-515
-126
467
-79
-513
161
412
-329
-349
393
241
-485
-99
485
-25
-479
183
459
-278
-342
425
302
-416
-90
536
22
-447
193
491
-240
-339
421
318
-404
-102
527
44
-470
145
469
-245
-373
390
317
-392
-130
543
83
-430
161
523
-165
-341
407
372
-377
-116
550
133
-419
171
569
-104
-306
454
443
-300
-90
598
193
-373
192
611
-72
-310
435
454
-308
-110
568
194
-403
147
584
-82
-350
404
436
-295
-160
565
217
-400
104
576
-74
-358
374
459
-293
-165
545
235
-385
106
604
-40
-341
376
503
-253
-159
578
287
-358
110
617
-6
-351
353
511
-256
-200
533
269
-410
28
572
-30
-412
285
468
-273
-268
499
260
-421
-14
560
-16
-412
257
487
-267
-257
484
294
-392
3
579
36
-403
275
525
-203
-237
534
357
-332
34
640
103
-344
320
593
-133
-218
547
391
-313
27
645
145
-326
297
619
-116
-219
525
440
-289
35
653
194
-340
296
626
-87
-227
505
444
-314
-23
631
180
-355
238
600
-110
-288
458
422
-319
-83
584
133
-408
158
543
-156
-362
381
356
-373
-170
515
89
-470
55
478
-211
-442
284
321
-447
-239
410
58
-544
-1
435
-243
-493
237
296
-449
-295
407
66
-554
-28
430
-220
-508
211
293
-479
-344
387
61
-574
-85
426
-203
-516
211
328
-421
-341
372
70
-580
-112
386
-216
-588
121
272
-480
-441
299
34
-623
-189
349
-239
-630
75
276
-482
-451
296
64
-603
-183
379
-205
-597
74
302
-452
-447
299
108
-590
-187
392
-145
-597
90
337
-391
-438
328
170
-524
-148
437
-63
-501
147
433
-299
-374
373
244
-480
-133
474
-29
-519
125
430
-316
-414
328
216
-501
-195
450
-46
-553
54
412
-323
-444
319
228
-504
-241
428
-40
-567
30
386
-313
-490
270
216
-528
-294
384
-56
-592
-6
389
-290
-491
266
250
-498
-288
396
-7
-583
-18
408
-277
-502
241
279
-469
-269
433
46
-537
0
454
-214
-477
252
294
-453
-316
395
32
-584
-84
411
-269
-538
187
273
-474
-348
372
52
-588
-89
405
-230
-544
168
300
-454
-356
350
69
-582
-116
402
-215
-559
148
313
-454
-372
347
91
-583
-136
400
-190
-567
143
328
-408
-386
369
147
-537
-93
445
-108
-525
157
381
-379
-380
362
164
-545
-139
433
-101
-543
155
387
-336
-375
382
213
-491
-108
489
-25
-481
195
462
-268
-323
421
308
-411
-58
550
60
-427
231
533
-180
-298
473
361
-340
-48
600
117
-390
242
570
-135
-263
487
430
-306
-16
665
210
-297
313
691
14
-160
629
592
-137
119
794
369
-176
425
810
119
-69
668
675
-79
127
828
407
-163
388
804
136
-96
658
667
-69
121
819
441
-162
392
826
164
-108
624
688
-71
57
778
419
-198
313
775
139
-156
589
662
-89
27
753
424
-182
279
794
134
-168
541
665
-102
-11
701
403
-251
224
719
107
-260
443
584
-164
-124
639
359
-292
153
701
106
-260
435
614
-131
-110
629
405
-272
134
675
105
-313
387
578
-160
-201
564
352
-339
32
614
51
-389
277
511
-228
-269
492
306
-400
-16
567
42
-420
252
506
-216
-290
479
351
-361
-17
621
98
-376
270
574
-158
-261
492
397
-344
-33
598
108
-389
227
568
-164
-296
449
398
-356
-78
568
131
-404
205
571
-140
-315
427
393
-350
-80
581
159
-386
197
592
-86
-304
451
436
-307
-93
605
187
-381
158
592
-113
-330
397
433
-345
-167
518
154
-455
76
520
-147
-425
311
360
-389
-245
451
103
-535
-19
413
-219
-532
185
257
-522
-405
282
-28
-670
-183
298
-339
-655
55
189
-575
-478
218
-77
-740
-271
236
-397
-771
-65
67
-690
-666
50
-218
-908
-464
46
-535
-930
-248
-85
-840
-818
-85
-328
-1016
-597
-53
-625
-1035
-350
-149
-899
-921
-177
-379
-1086
-715
-135
-709
-1144
-464
-228
-969
-997
-256
-425
-1126
-772
-159
-688
-1132
-488
-191
-949
-1015
-266
-393
-1110
-799
-157
-666
-1144
-482
-177
-881
-974
-196
-283
-1000
-668
-26
-492
-989
-351
-4
-703
-841
-79
-140
-884
-582
62
-372
-910
-273
93
-595
-767
2
-31
-756
-500
191
-239
-773
-177
225
-447
-642
134
133
-588
-373
345
-39
-587
-7
428
-226
-446
326
372
-353
-174
548
186
-370
185
653
0
-253
513
587
-145
31
756
410
-183
332
824
194
-97
643
744
11
143
885
577
-40
472
974
363
45
798
919
182
270
1009
728
85
573
1097
499
146
869
1037
289
365
1096
844
179
626
1169
570
206
910
1101
342
357
1110
891
214
637
1192
623
224
898
1109
362
369
1103
905
208
597
1184
646
217
869
1111
367
315
1046
900
179
554
1161
622
167
825
1116
361
301
1044
910
191
539
1161
668
173
817
1121
380
266
1015
890
165
447
1096
575
78
698
1001
284
130
875
805
70
330
989
530
9
603
980
262
109
850
813
49
289
963
525
-17
576
975
288
105
863
872
130
347
1056
661
118
690
1114
428
196
931
959
202
372
1073
688
100
639
1085
422
178
934
980
212
361
1052
718
78
576
1035
360
68
767
840
58
155
864
507
-134
336
825
173
-170
550
647
-114
-32
698
381
-275
150
672
56
-309
400
514
-245
-213
511
220
-454
-40
488
-117
-499
185
364
-424
-397
339
96
-611
-225
305
-297
-716
-45
160
-617
-634
71
-141
-862
-495
64
-507
-983
-313
-78
-813
-868
-134
-302
-1027
-664
-79
-620
-1102
-447
-192
-948
-1024
-312
-439
-1182
-870
-259
-786
-1276
-644
-349
-1079
-1195
-441
-532
-1260
-954
-319
-815
-1307
-671
-339
-1048
-1172
-419
-499
-1230
-943
-295
-770
-1304
-720
-363
-1087
-1247
-487
-514
-1259
-985
-309
-714
-1261
-674
-252
-933
-1117
-332
-336
-1059
-839
-149
-525
-1094
-522
-89
-769
-962
-222
-163
-893
-695
0
-340
-925
-358
91
-544
-813
-43
25
-725
-549
181
-157
-758
-225
250
-372
-650
82
168
-558
-438
295
-13
-635
-136
378
-245
-539
188
307
-432
-325
438
160
-456
12
577
-51
-370
342
508
-254
-198
562
295
-357
89
630
36
-339
342
526
-229
-227
529
277
-393
19
593
19
-369
327
542
-182
-175
577
399
-276
136
746
181
-229
453
724
-5
-29
750
597
-82
322
913
416
-41
643
914
212
165
934
822
129
482
1113
645
148
812
1130
439
321
1079
987
256
584
1232
752
242
876
1215
510
366
1114
1038
312
578
1209
742
186
776
1137
429
234
987
927
191
414
1116
673
139
714
1113
423
236
997
989
244
469
1174
765
221
763
1186
497
271
999
1025
277
456
1159
797
198
755
1192
529
288
1020
1071
312
472
1181
845
224
741
1205
529
247
973
1032
241
338
1038
711
68
566
1030
364
16
732
833
83
134
859
558
-81
363
895
265
-86
594
756
-31
24
744
484
-188
245
777
180
-228
466
635
-133
-132
584
321
-346
51
615
26
-399
256
443
-296
-308
423
219
-478
-98
477
-63
-487
158
411
-360
-377
347
195
-541
-176
419
-134
-586
58
333
-406
-482
261
100
-637
-330
295
-211
-703
-58
236
-490
-578
155
46
-692
-394
243
-262
-771
-166
176
-530
-665
82
10
-750
-466
167
-268
-819
-202
158
-531
-682
90
44
-693
-433
263
-171
-684
-71
331
-317
-517
263
277
-444
-201
489
82
-520
37
439
-237
-512
225
230
-552
-378
269
-140
-763
-250
174
-499
-774
-52
1
-750
-589
114
-217
-811
-282
211
-429
-717
13
118
-622
-488
244
-67
-678
-162
330
-288
-575
157
305
-440
-344
393
128
-478
-4
540
-80
-432
287
440
-293
-239
493
232
-417
28
581
-21
-405
287
487
-284
-222
522
310
-367
58
632
58
-338
335
529
-221
-232
537
306
-363
7
604
48
-378
287
528
-200
-238
546
393
-272
111
746
237
-189
469
763
32
-18
727
616
-80
292
936
446
-14
653
977
292
189
939
829
102
409
1048
593
62
694
1014
297
143
871
788
59
313
950
465
-82
523
868
148
-57
696
641
-105
122
783
353
-185
440
868
204
25
809
828
115
349
1055
674
134
725
1152
502
282
1031
1058
282
446
1121
712
106
626
1066
380
126
850
921
161
289
986
622
-9
498
957
310
-5
713
766
-8
87
808
465
-218
227
690
30
-317
377
485
-317
-275
434
124
-548
-111
360
-260
-646
30
169
-609
-596
123
-157
-867
-475
46
-580
-1014
-314
-154
-905
-908
-178
-423
-1115
-705
-155
-745
-1172
-489
-284
-1024
-1051
-290
-496
-1172
-762
-174
-723
-1150
-488
-223
-950
-955
-184
-340
-1007
-632
4
-498
-927
-249
9
-701
-813
-75
-208
-954
-632
-14
-523
-1003
-373
-74
-796
-900
-124
-203
-909
-568
88
-370
-860
-208
143
-565
-687
81
27
-706
-422
245
-199
-729
-131
206
-500
-682
66
26
-733
-491
187
-226
-758
-158
234
-428
-596
194
240
-463
-196
532
175
-343
263
738
104
-90
682
766
23
239
978
632
78
622
1075
392
106
846
872
127
256
958
628
6
535
1018
374
82
826
913
157
270
969
643
-28
508
1013
382
55
749
850
92
168
888
570
-58
376
902
283
-58
649
798
55
103
818
536
-153
271
799
191
-206
450
578
-217
-234
466
186
-534
-189
333
-281
-695
-35
164
-585
-608
135
-66
-768
-384
185
-375
-840
-186
63
-676
-735
-13
-197
-910
-553
45
-516
-1018
-384
-116
-859
-959
-230
-342
-1053
-690
-50
-529
-1029
-367
-49
-737
-825
-58
-154
-880
-541
129
-334
-837
-200
151
-523
-617
193
162
-553
-271
426
19
-456
149
508
-212
-418
348
333
-396
-127
547
102
-439
196
620
-37
-216
543
556
-159
108
845
489
-32
595
1106
509
358
1145
1230
540
776
1553
1218
665
1241
1691
1007
760
1472
1497
726
853
1535
1169
562
1070
1496
836
547
1288
1385
621
715
1418
1099
476
989
1476
799
417
1069
1141
368
431
1136
799
103
581
1119
549
254
968
1116
349
443
1193
954
247
662
1163
552
126
827
938
118
76
716
443
-320
52
543
-84
-535
101
303
-482
-543
170
-70
-784
-387
201
-374
-823
-176
46
-700
-743
-24
-227
-982
-663
-117
-674
-1165
-555
-299
-1037
-1126
-402
-546
-1327
-1037
-478
-1006
-1531
-924
-630
-1406
-1562
-835
-1013
-1763
-1508
-910
-1452
-1985
-1367
-1033
-1764
-1840
-1070
-1117
-1805
-1491
-774
-1200
-1693
-1010
-619
-1289
-1405
-625
-642
-1393
-1158
-486
-922
-1465
-826
-418
-1054
-1176
-342
-306
-986
-748
-2
-352
-877
-260
222
-416
-584
227
300
-395
-191
509
178
-386
167
632
-45
-331
392
440
-294
-149
523
142
-478
30
490
-147
-444
260
338
-403
-298
442
98
-546
-67
442
-187
-512
201
337
-395
-262
507
222
-390
86
623
29
-260
491
682
-23
91
893
759
173
665
1253
682
323
1045
1214
470
478
1138
870
149
521
997
333
-171
465
661
-103
-127
597
359
-373
3
567
0
-431
217
443
-287
-311
454
293
-411
-41
564
35
-460
161
482
-246
-296
434
269
-477
-185
413
-143
-688
-104
170
-551
-614
128
50
-733
-484
137
-354
-814
-161
208
-460
-506
360
359
-302
3
632
164
-373
161
490
-255
-453
309
228
-579
-407
266
-160
-717
-114
259
-422
-667
182
258
-497
-261
451
46
-479
93
521
-183
-502
265
359
-275
11
853
596
104
844
1399
834
719
1522
1591
877
1062
1781
1410
742
1179
1567
789
364
1031
1111
350
519
1270
947
300
818
1307
608
202
795
816
58
94
789
517
-157
245
703
8
-347
358
567
-163
-15
835
661
189
803
1413
881
490
1183
1345
514
462
1134
813
57
429
987
335
-220
345
368
-634
-808
-237
-566
-1308
-921
-330
-847
-1235
-513
-205
-861
-875
-119
-295
-967
-587
168
-515
-1080
-353
-57
-574
-600
39
-288
-1103
-648
81
-277
-622
40
413
-323
-514
266
-29
-872
-715
-212
-872
-1545
-1050
-811
-1618
-1863
-1161
-1325
-2070
-1850
-1028
-1340
-1763
-927
-497
-1108
-1391
-624
-766
-1644
-1537
-976
-1332
-1904
-1094
-768
-1623
-1651
-835
-775
-1385
-1063
-325
-477
-730
164
651
96
20
940
1120
359
579
1150
717
141
731
1204
469
295
1027
934
135
33
450
-58
-751
-352
235
-133
-399
216
260
-325
-77
614
89
-895
-778
-532
-1315
-1721
-1125
-1198
-2104
-1976
-1206
-1543
-2383
-2099
-1628
-2181
-2288
-1371
-1170
-1761
-1504
-470
-460
-1143
-783
-214
-663
-871
-149
-31
-917
-1105
-520
-917
-1590
-1080
-501
-1071
-1459
-872
-698
-1475
-1733
-1364
-1871
-2886
-2564
-1809
-2242
-2825
-2458
-2294
-2928
-2721
-1712
-1719
-2315
-1932
-1235
-1546
-1930
-1278
-959
-1775
-1886
-1124
-1327
-2187
-1869
-1119
-1594
-2171
-1660
-1264
-1792
-1737
-919
-1024
-1775
-1408
-779
-1390
-2077
-1517
-1177
-1803
-1649
-523
-274
-704
-357
152
-503
-1176
-655
-317
-920
-971
-199
-326
-1077
-775
-118
-554
-1008
-356
267
-89
-2
1012
1228
823
1272
2133
1847
1338
2104
2807
2317
2112
2890
3040
2406
2631
3482
3189
2607
3194
3699
3205
3139
4004
4154
3350
3435
4117
3835
3162
3531
3895
3123
2872
3731
3964
3335
3614
4385
4035
3450
4137
4756
4122
3683
4323
4444
3821
4092
4958
4705
3992
4229
4491
3667
3103
3744
4079
3597
3862
4622
4363
3823
4489
5253
4697
4240
4703
4743
3996
4109
4934
4659
3827
4039
4291
3261
2279
2336
2087
1014
946
1746
1591
839
1108
1495
610
-235
241
394
-448
-607
44
-186
-845
-239
564
171
-281
246
444
-333
-406
328
248
-330
143
749
153
-493
65
444
-82
59
867
765
113
582
1419
1016
389
741
812
-149
-473
139
-63
-948
-781
-189
-586
-902
-138
269
-494
-786
-196
-347
-1154
-986
-355
-839
-1499
-1003
-733
-1575
-1931
-1293
-1335
-2039
-1533
-408
-265
-291
647
1311
797
703
1514
1642
1025
1308
2131
1818
1300
1959
2558
2002
1733
2304
2028
854
705
1296
976
467
973
1390
623
213
825
777
-162
-212
388
-13
-703
-187
365
-372
-977
-719
-1084
-2229
-2386
-1878
-2314
-3156
-2917
-2571
-3299
-3741
-3066
-2882
-3519
-3332
-2405
-2450
-2817
-2113
-1423
-1878
-2192
-1492
-1259
-1938
-1940
-1323
-1792
-2729
-2449
-1906
-2456
-2922
-2315
-2224
-3099
-3201
-2557
-2901
-3764
-3542
-3171
-3917
-4509
-3879
-3584
-4311
-4471
-3946
-4343
-5159
-4731
-3949
-4197
-4319
-3331
-2904
-3621
-3750
-3109
-3410
-4250
-4049
-3426
-3827
-4123
-3300
-2907
-3745
-4087
-3674
-4112
-5142
-5083
-4610
-5250
-5918
-5429
-5112
-5727
-5782
-5006
-5123
-5814
-5430
-4501
-4736
-5142
-4524
-4190
-4922
-5017
-4210
-4277
-5048
-4861
-4360
-4911
-5659
-5254
-4903
-5460
-5549
-4681
-4685
-5373
-4963
-3922
-4022
-4476
-3815
-3272
-3778
-3751
-2729
-2495
-3145
-3030
-2344
-2733
-3257
-2421
-1619
-1878
-1788
-748
-464
-946
-562
276
-39
-610
37
752
399
375
1296
1524
919
1250
2151
1940
1332
1860
2406
1882
1761
2771
3189
2739
2986
3624
3107
2225
2502
2950
2386
2130
2891
3074
2201
2181
2998
2953
2490
3092
3784
3281
3156
4356
5270
4998
5610
6653
6343
5874
6227
6648
5712
4956
5421
5254
4562
4410
4677
4247
3314
3338
3688
2861
2071
2378
2512
1725
1546
2223
1897
1169
1372
2246
1815
1365
2180
2370
1842
1971
2925
2807
2128
2584
3527
3073
2458
3071
3208
2381
2524
3404
3563
3206
3791
4574
4081
3551
4134
4466
3992
4220
5321
5685
5210
5750
6482
5794
5154
5743
5925
5325
5116
5930
6256
5959
6452
7173
6649
5605
5815
5629
4197
3339
3647
3445
2909
3168
3829
3090
2048
2162
2468
1944
1722
2818
2801
1899
2421
3453
3183
2470
2471
1903
422
61
943
1500
1463
1916
2370
1281
-98
-804
-1580
-3194
-4233
-4051
-4201
-5552
-6283
-6811
-7748
-8228
-7446
-6343
-6830
-7242
-6307
-5931
-6281
-5279
-4406
-5282
-6645
-6419
-5152
-4759
-4165
-3002
-2876
-3673
-3446
-2317
-2264
-2875
-2176
-1434
-1407
-1191
-450
-617
-1824
-1948
-1107
-1040
-1745
-1652
-1484
-2363
-3090
-2703
-2947
-3997
-4570
-4308
-4722
-5459
-4638
-3024
-2242
-1890
-875
-774
-2063
-2559
-1966
-2430
-3282
-3315
-3312
-4072
-4016
-2343
-1516
-2191
-2854
-3471
-4838
-5979
-5629
-4868
-5273
-5794
-5831
-6456
-7970
-8877
-8680
-8997
-9923
-9548
-8542
-8633
-8630
-7349
-6196
-6824
-7038
-5990
-5182
-4633
-2762
-561
455
1108
2768
3967
3513
3280
3553
3235
2774
3581
4792
4613
3833
4143
4377
3591
3115
3235
2411
1063
1182
1673
1276
852
1334
1534
844
304
974
1659
2094
3554
5479
5803
5364
6056
6479
5826
5412
5967
5662
4369
4624
6232
6806
7004
7686
7236
5042
3314
2988
2287
1137
831
687
-670
-2354
-2938
-3068
-3989
-4182
-3134
-2551
-2873
-2608
-1423
-1133
-1610
-1523
-1466
-2227
-1926
-170
1421
2012
3176
5097
5759
5846
6530
6837
6123
6126
7546
8699
8547
8827
9644
9711
9365
10129
10608
9323
8286
8455
7806
6311
5698
5349
3965
2063
1029
129
-1106
-1559
-261
851
548
369
568
-138
-1383
-1388
-701
-1362
-2474
-2085
-1629
-1740
-692
1072
891
-698
-1417
-1697
-2884
-3389
-2668
-2388
-3390
-4239
-4502
-5860
-7554
-7935
-7617
-8060
-8388
-7842
-7360
-7659
-7503
-6942
-7853
-9315
-9395
-8255
-7579
-6663
-4331
-2202
-1192
365
2199
2559
1782
1972
2984
3289
3540
4419
4718
3484
2653
3103
2688
1101
931
1215
276
-588
-100
-51
-1294
-2206
-2778
-4364
-6544
-7122
-6211
-5628
-5115
-3867
-3009
-3198
-3186
-2047
-1000
-865
-257
935
1081
1081
2700
4618
4641
4146
4309
3577
2253
2181
3047
2888
2324
2627
2442
796
-601
-959
-1690
-2667
-2662
-2023
-2540
-3233
-2701
-2566
-3913
-5358
-5545
-5534
-5886
-4900
-2857
-1869
-1126
834
2802
2963
2945
3797
4546
5019
6501
8410
8983
8310
8473
9223
8595
7870
8331
8291
6954
6594
7049
6206
4799
4234
3533
1313
-970
-1917
-2659
-3458
-3176
-2316
-2475
-3172
-3303
-3225
-3679
-3827
-2955
-2460
-3062
-3334
-2068
-974
-477
685
1532
621
-458
-226
26
-468
-342
498
-120
-1773
-2665
-3599
-5492
-6983
-6895
-7060
-8355
-8776
-8088
-8157
-9161
-9859
-10320
-11692
-12598
-11707
-10418
-9936
-8702
-6267
-4560
-3857
-2707
-1747
-2031
-1959
-606
980
1472
1769
2552
2695
1854
1699
2297
1717
760
1046
1126
-13
-782
-589
-1313
-3157
-4320
-5208
-6996
-8049
-7193
-6461
-6659
-6432
-5824
-6303
-7172
-7043
-6272
-6089
-6459
-6073
-5425
-5134
-4079
-1883
-735
-1180
-1315
-982
-1581
-2369
-1644
-888
-1507
-2033
-1853
-2655
-4652
-5611
-5349
-5984
-6780
-6276
-5427
-5345
-5117
-4395
-4776
-6383
-7134
-6659
-6661
-6570
-5064
-3066
-2100
-722
1526
2479
2352
3032
4520
5720
6947
8818
10558
11113
11385
12555
13228
12817
12896
13549
13219
12251
12378
12673
11714
10474
10055
8571
5693
4168
4109
3409
2515
3197
3557
2443
1550
1622
1400
577
463
663
43
-732
191
1929
2669
3040
3747
3813
2514
1839
2421
2382
1819
2114
2724
1781
212
-65
-443
-1596
-2011
-1582
-1796
-2147
-1246
-202
-713
-1869
-2189
-2533
-3381
-3264
-1642
-588
-7
1945
4170
4628
4659
5535
5965
5970
6995
8806
9741
9700
10262
10965
10574
9928
10296
10463
9487
8924
9335
9155
7858
7493
7557
6005
3567
2463
1832
269
10
1294
1639
799
713
816
-227
-1054
-554
-338
-1532
-2278
-1690
-1244
-1100
-233
807
318
-928
-1208
-1241
-1837
-2128
-1330
-1060
-2066
-2695
-2822
-3965
-5255
-5156
-5094
-6116
-6515
-5490
-5032
-5689
-6141
-6418
-7720
-9257
-9229
-8480
-8624
-8199
-6055
-4274
-3711
-2445
-1124
-1296
-1631
-433
1072
1488
2149
3516
4205
3786
4083
4939
4909
4342
4608
5094
4498
3733
3929
3979
2514
930
183
-1478
-3552
-3862
-3131
-3504
-3827
-3214
-3428
-4923
-5682
-5212
-5741
-7007
-7354
-7362
-7928
-7887
-6361
-5246
-5442
-5525
-5327
-5941
-6891
-6731
-6034
-6154
-6527
-6124
-6402
-7983
-8801
-8510
-9040
-10401
-10506
-9863
-9857
-9685
-8723
-8483
-9663
-10458
-10073
-9855
-10144
-9058
-6879
-5744
-4610
-2464
-1048
-1474
-1504
-401
113
108
1257
2829
2978
2883
3724
4318
3869
3928
4703
4773
4345
4490
5141
5097
4524
4411
4020
2196
473
272
94
-448
164
1350
1111
58
138
278
-525
-973
-753
-1332
-2630
-2425
-1218
-749
-543
353
434
-829
-1797
-1723
-1890
-2553
-2225
-1301
-1679
-2777
-2643
-2178
-2798
-3204
-2598
-2413
-2622
-1589
32
237
-454
-820
-1019
-2147
-2924
-2160
-1340
-1044
360
2863
4144
4364
5167
6055
5807
5923
7480
8597
8728
9399
10672
10690
10281
11055
11556
11034
10775
11203
11115
10563
10571
10954
10148
8291
6898
5746
3896
2592
2928
3322
2485
1993
2002
1166
-111
-149
5
-1257
-2530
-2310
-2091
-2502
-1746
-378
-489
-1633
-1976
-2042
-2959
-3553
-2757
-2029
-2596
-3102
-2842
-3356
-4457
-4526
-4310
-5333
-5868
-4706
-3536
-3213
-2822
-2307
-2899
-4225
-4592
-4183
-4411
-4405
-2763
-830
170
1144
2561
2768
2057
2423
3580
3831
3868
5195
6046
5283
5027
5593
5091
4051
4198
4502
3718
3122
3680
4142
3322
2555
2092
700
-1335
-2086
-1501
-1372
-1256
-330
177
-726
-1259
-513
-268
-1294
-1794
-1590
-2428
-3088
-1907
-529
-602
-752
-391
-863
-2143
-2531
-1914
-1909
-2211
-1778
-1559
-2578
-3337
-2756
-2910
-4255
-4570
-3899
-3739
-3417
-2114
-1348
-2179
-3123
-3096
-3489
-4448
-4366
-3209
-2281
-1371
667
2444
2583
2378
3048
3619
3344
4055
5919
6592
6313
7177
8066
7276
6770
7543
7517
6362
6139
6877
6760
6297
6537
6468
4716
2695
1768
910
-219
-87
965
905
-63
-274
47
-529
-1389
-1268
-1573
-3095
-3797
-2924
-2508
-2482
-1528
-672
-1233
-2054
-1900
-1952
-2754
-2777
-2088
-2393
-3858
-4295
-4136
-5204
-6529
-6674
-7030
-7964
-7550
-5865
-5084
-5378
-5111
-4851
-5826
-6728
-6453
-6138
-6433
-5483
-3328
-1855
-1322
-553
360
207
-193
690
2015
2119
2312
3601
3928
2999
2970
3678
3035
1986
2159
2210
1353
1191
2138
2099
810
-63
-676
-2379
-3755
-3311
-2452
-2561
-2688
-2251
-2369
-3078
-3038
-2410
-2884
-4181
-4305
-4216
-4817
-4632
-3294
-2734
-3419
-3583
-3502
-4413
-5379
-5022
-4287
-4747
-5384
-4971
-4893
-5814
-5977
-5631
-6602
-7802
-7271
-5979
-5673
-5147
-3943
-3791
-4827
-5108
-4657
-5221
-5845
-4702
-2875
-1635
-213
1682
2687
2533
2709
3815
4517
4830
6122
7749
8129
7981
8829
9260
8594
8524
9150
8769
7851
8288
9214
8901
8186
8111
7000
4494
2840
2505
2027
1612
2191
2537
1777
1004
1253
1312
221
-520
-632
-1585
-2844
-2479
-1313
-1235
-1210
-393
-357
-1546
-2113
-1675
-1563
-2013
-1842
-1418
-2159
-2990
-2666
-2610
-3921
-4846
-4421
-4168
-4105
-2698
-924
-741
-1222
-629
-388
-1436
-1827
-962
-476
88
2033
4039
4831
5104
5852
6306
6079
6422
7744
8667
8683
9181
9861
9338
8509
8796
8887
7740
6825
7063
7087
6449
6678
7244
6195
4329
3452
2596
1142
1083
2253
2579
1925
1926
2474
2105
1484
1756
1715
254
-908
-575
-429
-891
-316
693
273
-698
-931
-1035
-1815
-2159
-1463
-1571
-2703
-3146
-2828
-3437
-4723
-5255
-5760
-6999
-7467
-6320
-5247
-5338
-5115
-4394
-4852
-6077
-6126
-6094
-6980
-6761
-4834
-3266
-2526
-1130
272
377
169
1078
2260
2670
3269
4701
5452
5025
5189
6123
6083
5369
5353
5528
4809
4395
5272
5708
4642
3812
3427
1626
-465
-744
-174
-511
-892
-412
-421
-1373
-1660
-1049
-1438
-2902
-3511
-3510
-4396
-4848
-3679
-2851
-3067
-2986
-2584
-3278
-4479
-4409
-3921
-4604
-5586
-5639
-5859
-6971
-7528
-7543
-8516
-10160
-10489
-9840
-9555
-9290
-8071
-7079
-7546
-7746
-7111
-7647
-9066
-8874
-7492
-6886
-5898
-3620
-2044
-2058
-1684
-497
-77
-166
895
2468
2724
2601
3370
3870
3348
3171
3668
3350
2340
2333
3363
3479
3045
3617
3708
1977
315
33
-395
-1080
-596
392
219
-298
272
1007
609
22
191
-346
-1808
-1933
-1088
-1050
-1136
-154
457
-585
-1345
-906
-791
-1430
-1337
-830
-1417
-2149
-1731
-1407
-2527
-3644
-3867
-4134
-4578
-3955
-2377
-1901
-2215
-1634
-961
-1944
-3118
-2877
-2621
-2846
-1552
980
2316
2816
4039
5240
5092
5159
6700
7945
8248
9152
10625
10806
10474
11167
11773
11067
10115
10188
10321
9736
9793
10656
10319
8609
7390
6321
4445
3229
3673
3849
2994
2641
3002
2786
1918
1839
1860
423
-1019
-1057
-1079
-1852
-1696
-358
-42
-815
-925
-674
-1377
-1896
-1209
-1021
-2179
-2683
-2094
-2419
-3397
-3731
-4033
-5208
-5958
-5129
-4012
-3800
-3410
-2156
-1582
-2260
-2534
-2341
-3159
-3878
-2671
-915
43
1276
3193
3980
3621
4047
5135
5356
5427
6717
7597
7020
6786
7391
7267
6287
5854
5744
4806
3886
4341
5032
4656
4185
4105
2848
654
-159
123
-149
-414
218
734
246
37
928
1010
-190
-836
-750
-1566
-2524
-1995
-963
-895
-822
-133
-337
-1432
-1565
-700
-1062
-2190
-2168
-2062
-2969
-3542
-3274
-4067
-5902
-6700
-6386
-6416
-6471
-5653
-4703
-4640
-4722
-4182
-4363
-5745
-6458
-5931
-5519
-5006
-3179
-1183
-585
-319
802
1528
1297
2087
3932
4671
4673
5539
6367
6059
5878
6429
6289
5053
4475
4927
4859
4462
5025
5477
3995
2149
1487
644
-621
-819
-166
-482
-1406
-1233
-577
-940
-1607
-1505
-1766
-3011
-3618
-3034
-2878
-2938
-1940
-874
-1388
-2439
-2295
-2105
-3049
-3629
-3440
-4168
-5536
-5544
-5134
-6134
-7491
-7878
-8322
-9204
-9020
-7947
-7478
-7513
-6580
-5522
-5915
-6878
-7027
-7274
-7977
-7449
-5470
-3864
-3038
-1772
-320
-188
-569
421
1616
1739
2273
3605
3917
3350
3815
4600
4018
2991
2838
2715
1823
1594
2806
3226
2161
1501
1083
-420
-1770
-1418
-754
-1137
-1253
-416
-102
-557
-326
114
-743
-2082
-2366
-2587
-3528
-3730
-2545
-1726
-2124
-2303
-1923
-2345
-3061
-2632
-2159
-3109
-3841
-3180
-2905
-3774
-4023
-4054
-5319
-6572
-6169
-5418
-5629
-5337
-3842
-2879
-3164
-3115
-2814
-3799
-4980
-4469
-3132
-2265
-967
1287
2838
3030
3512
4804
5413
5701
7264
8970
9200
9321
10569
11276
10814
10714
11072
10459
9148
9270
10215
10164
9819
10097
9377
7188
5684
5372
4647
3589
3579
3737
2853
2161
2665
2718
1408
550
429
-622
-2061
-2128
-1371
-1210
-1123
-421
-315
-1295
-1703
-986
-964
-1973
-2198
-1764
-2327
-2906
-2281
-2293
-3919
-4890
-4493
-4565
-5169
-4489
-3079
-2643
-2394
-1178
-678
-1801
-2585
-2252
-2096
-1989
-465
1785
2957
3489
4675
5509
5102
5268
6803
7722
7559
8202
9197
9071
8650
9010
9139
7917
6713
6669
6566
6060
6664
7684
7094
5608
4956
4374
2978
2438
3107
3072
2103
2085
2927
2686
1930
2140
2129
804
-233
-131
-222
-555
253
1547
1432
623
713
1147
642
123
430
109
-1120
-1394
-670
-1129
-2640
-3322
-3678
-4867
-5683
-5100
-4686
-5084
-4501
-3058
-3016
-3968
-4260
-4618
-5892
-6416
-5254
-3954
-3241
-1909
-188
348
-47
618
1970
2330
2813
4248
5112
4922
5360
6435
6539
5847
5744
5708
4761
4249
5229
6051
5472
4911
4700
3288
1317
775
975
185
-758
-429
-155
-847
-899
-122
-425
-1556
-1866
-1935
-3040
-3665
-2672
-1739
-1965
-2129
-1795
-2170
-3054
-3045
-2748
-3731
-5032
-4962
-4653
-5299
-5845
-5923
-6856
-8364
-8790
-8396
-8854
-9321
-8264
-7048
-6977
-6831
-6189
-6820
-8358
-8638
-7996
-7799
-7173
-5232
-3489
-3134
-2943
-1946
-1500
-1585
-544
974
1220
1179
2136
2898
2503
2321
2739
2161
607
153
852
1026
954
1792
2046
736
-516
-604
-829
-1652
-1711
-1088
-1339
-1901
-1212
-484
-1120
-1781
-1539
-2189
-3912
-4403
-3732
-3611
-3541
-2634
-2134
-2847
-3218
-2480
-2178
-2922
-3244
-2910
-3169
-3493
-2911
-2630
-3765
-4866
-4783
-4918
-5790
-5822
-4798
-4358
-4226
-3028
-2035
-2807
-3813
-3811
-4067
-4716
-4012
-2020
-549
240
1658
2943
2825
2971
4618
5933
6122
6967
8487
8926
8847
9747
10703
10131
9155
9131
9109
8493
8895
10139
10147
8990
8265
7615
6123
4864
4917
4733
3554
3008
3475
3315
2378
2418
2733
1589
55
-268
-530
-1382
-1115
144
240
-587
-487
63
-325
-753
-294
-408
-1442
-1544
-611
-651
-1707
-2144
-2209
-3152
-4078
-3774
-3328
-3660
-3218
-1374
-397
-686
-496
-247
-1257
-2130
-1467
-308
335
1585
3624
4575
4188
4596
5809
6098
6084
7264
8217
7824
7798
8741
8997
8182
7827
7779
6673
5655
6296
7206
7048
6875
7088
6250
4490
3741
3816
3050
1990
2065
2422
1794
1448
2204
2442
1476
992
970
-64
-1147
-501
598
531
438
1210
1306
481
604
1335
631
-639
-511
20
-564
-1095
-944
-1556
-3053
-3723
-3622
-4264
-5308
-4949
-3892
-3782
-3745
-2940
-3208
-4754
-5649
-5524
-5847
-6008
-4602
-2655
-2053
-1850
-853
-143
-346
292
1837
2407
2312
3177
4408
4546
4573
5448
5538
4184
3542
4042
4040
3723
4434
4962
3740
2253
1793
1146
-249
-961
-742
-1099
-1870
-1600
-701
-816
-1145
-595
-631
-2166
-3078
-2648
-2501
-2897
-2294
-1488
-2084
-2855
-2237
-1766
-2680
-3437
-3163
-3438
-4217
-3940
-3543
-4613
-5933
-6119
-6311
-7488
-8193
-7689
-7432
-7554
-6431
-5027
-5137
-5952
-6002
-6263
-7408
-7672
-6316
-4897
-4131
-2874
-1437
-1293
-1454
-308
912
994
1364
2548
3079
2815
3414
4541
4171
3021
2764
2642
1662
1570
2956
3617
2901
2638
2752
1785
680
775
903
65
-364
310
532
32
281
1161
727
-588
-1146
-1292
-2075
-2284
-1174
-533
-1182
-1277
-475
-424
-986
-716
-492
-1392
-1720
-701
-285
-1072
-1447
-1284
-1990
-3204
-3418
-3308
-4169
-4495
-3188
-2173
-2338
-2157
-1606
-2372
-3633
-3766
-3170
-2884
-1929
128
1604
1632
2137
3451
4057
4224
5417
6853
7016
7155
8553
9673
9516
9513
10013
9346
8070
8163
9148
9183
8931
9387
8981
7323
6284
6146
5152
3667
3299
3392
2523
1693
2147
2474
1709
1061
827
-323
-1846
-2022
-1324
-1392
-1696
-1265
-930
-1514
-1588
-785
-1038
-2309
-2405
-1731
-2036
-2555
-2290
-2438
-3709
-4466
-4249
-4753
-5998
-6019
-4966
-4565
-4238
-2900
-2118
-2862
-3436
-3185
-3523
-4038
-3014
-940
-4
397
1536
2355
2048
2232
3489
4109
3812
4192
5285
5539
5397
6135
6578
5564
4528
4724
4779
4343
4983
6012
5524
4312
4115
3837
2463
1451
1622
1340
302
190
856
759
457
1102
1411
167
-845
-617
-546
-911
-407
494
379
-202
428
1263
702
33
385
430
-182
5
769
254
-920
-1095
-1055
-2171
-3354
-3335
-3469
-4167
-3765
-2431
-2290
-3010
-3024
-3192
-4618
-5737
-5124
-4184
-3906
-2933
-1397
-1045
-1405
-629
558
779
1064
2319
3244
3384
4194
5679
6153
5617
5587
5674
4768
4149
5088
5827
5121
4582
4691
3854
2272
1767
1763
709
-151
290
469
-201
-57
1110
1124
22
-404
-580
-1603
-2193
-1368
-755
-1366
-1577
-739
-512
-1167
-1099
-863
-1755
-2512
-1877
-1405
-2200
-2805
-2639
-3115
-4378
-4903
-4952
-5990
-7011
-6312
-5341
-5442
-5246
-4329
-4528
-5937
-6556
-6322
-6515
-6309
-4608
-3012
-2804
-2486
-1331
-813
-967
-192
1038
1092
935
2030
3146
3072
3073
3665
3304
1899
1557
2361
2549
2399
3024
3419
2444
1546
1703
1252
-66
-419
98
-430
-1367
-890
5
-379
-740
-435
-1177
-2822
-3269
-2587
-2585
-3144
-2751
-2125
-2467
-2516
-1624
-1448
-2507
-2681
-1807
-1698
-2068
-1660
-1381
-2257
-3061
-2884
-3209
-4679
-5345
-4827
-4743
-4907
-3954
-2790
-3076
-3760
-3720
-4092
-5197
-4926
-3171
-2036
-1503
-99
1258
1269
1514
3003
4106
4083
4722
6277
7147
7443
8658
9882
9577
8764
8919
8985
8464
8780
9855
9879
8829
8556
8483
7161
5689
5447
5208
3906
3051
3349
3171
2408
2735
3182
2000
382
0
-105
-906
-976
-198
-244
-935
-490
461
122
-743
-572
-437
-1141
-1115
-312
-424
-1474
-1695
-1363
-2207
-3409
-3524
-3533
-4210
-4060
-2628
-1721
-1643
-1043
-350
-1101
-2245
-1894
-980
-700
119
2002
2932
2584
3095
4286
4407
4155
5009
5836
5656
5965
7364
8076
7629
7608
7776
6900
5987
6548
7404
7072
6694
7082
6723
5301
4485
4369
3549
2424
2375
2591
1809
1553
2594
3193
2486
1973
1875
970
3
448
1126
541
80
879
1413
896
940
1440
804
-58
417
1130
578
-75
144
-56
-1257
-1980
-2101
-3217
-4594
-4593
-3975
-4168
-4124
-3055
-2724
-3921
-4843
-4968
-5568
-6248
-5379
-3854
-3469
-3380
-2354
-1602
-1851
-1381
-112
365
194
1256
2805
3215
3524
4554
4703
3446
2742
3169
3102
2611
3008
3491
2709
1767
1602
1143
-248
-1005
-739
-1207
-2275
-2149
-1297
-1251
-1372
-815
-1012
-2541
-3361
-2886
-2906
-3633
-3609
-2957
-3227
-3553
-2792
-2485
-3596
-4249
-3715
-3666
-4362
-4225
-3833
-4608
-5601
-5491
-5773
-7306
-8356
-8223
-8401
-8997
-8364
-7028
-6733
-7126
-6942
-7082
-8276
-8816
-7798
-6814
-6467
-5339
-3904
-3668
-3773
-2782
-1802
-2067
-2078
-981
-326
-393
518
1939
1917
1118
1149
1339
629
646
1858
2314
1785
1924
2382
1646
505
536
725
-176
-797
-323
-151
-536
84
1303
972
-336
-720
-754
-1500
-1920
-1266
-1066
-1715
-1374
-124
43
-613
-410
29
-424
-574
401
783
-74
-275
329
-237
-1567
-1919
-2029
-3111
-3742
-2933
-2209
-2215
-1655
-829
-1297
-2590
-2894
-2539
-2675
-2262
-528
783
910
1499
3001
3651
3605
4551
5805
5933
6211
7821
9230
9354
9589
10285
9829
8733
9096
10048
9943
9693
10428
10620
9356
8424
8371
7490
6021
5549
5514
4425
3512
4184
4805
4159
3515
3268
2299
934
821
1286
652
-204
308
952
613
488
1056
685
-376
-267
545
179
-616
-366
-198
-1234
-2028
-1956
-2662
-4072
-4352
-3787
-3948
-3874
-2446
-1254
-1605
-2001
-1700
-2149
-3060
-2518
-1009
-427
-301
695
1586
1355
1341
2386
2766
2251
2627
3885
4429
4582
5693
6408
5451
4540
4923
4992
4321
4560
5501
5240
4274
4183
4091
2829
1845
2051
1801
483
154
896
1016
913
1628
1865
593
-436
-143
-61
-847
-992
-376
-395
-650
190
999
389
-341
202
557
-21
-69
562
224
-726
-696
-593
-1878
-3151
-3177
-3525
-4620
-4638
-3441
-2992
-3388
-3131
-3055
-4479
-5854
-5646
-5187
-5311
-4651
-3233
-2712
-2849
-1910
-698
-572
-567
439
1338
1445
2309
4116
4820
4261
4283
4556
3852
3212
3917
4543
4041
3896
4336
3801
2451
2017
2212
1283
190
211
231
-441
-158
1145
1306
203
-251
-170
-948
-1703
-1379
-1258
-2086
-2153
-1048
-702
-1373
-1472
-1171
-1677
-2227
-1690
-1322
-2152
-2659
-2199
-2470
-3897
-4484
-4515
-5660
-6929
-6754
-6123
-6277
-5915
-4657
-4438
-5516
-6011
-5875
-6319
-6568
-5373
-4049
-4011
-3668
-2397
-1795
-2061
-1604
-680
-729
-1032
100
1511
1868
2101
2830
2703
1645
1452
2178
2108
1840
2595
3285
2638
1904
2140
1902
723
331
579
-234
-1231
-698
316
191
-236
-22
-552
-1885
-2238
-1746
-2275
-3282
-2958
-2160
-2240
-2284
-1544
-1541
-2434
-2412
-1541
-1547
-2204
-1912
-1324
-1958
-2743
-2625
-2960
-4407
-5290
-5198
-5585
-6164
-5324
-4026
-4098
-4529
-4291
-4654
-5870
-5985
-4726
-4059
-3897
-2669
-1197
-876
-546
801
1726
1484
1789
3162
4044
4602
6062
7445
7220
6652
7156
7401
6788
6982
8074
8334
7705
7678
7847
6782
5560
5515
5227
3634
2552
2726
2644
2119
2508
2955
1854
459
416
428
-631
-1247
-913
-1027
-1563
-940
-42
-595
-1452
-1144
-780
-1381
-1679
-1055
-1085
-1928
-1930
-1582
-2342
-3428
-3519
-3630
-4655
-4933
-3739
-2817
-2585
-1698
-653
-1161
-2283
-2087
-1490
-1716
-1328
170
1005
874
1595
2902
3087
2798
3520
4177
3984
4479
6285
7364
7025
7152
7709
7078
6172
6593
7298
6987
6882
7608
7539
6308
5784
6013
5329
4054
3704
3580
2779
2576
3743
4347
3460
2942
3187
2608
1644
1754
1997
1124
716
1849
2548
2032
1924
2409
2088
1379
1734
2240
1639
1175
1784
1835
799
266
404
-551
-2124
-2482
-2272
-2796
-2919
-1867
-1307
-2298
-3178
-3309
-4114
-5160
-4736
-3625
-3513
-3406
-2081
-1040
-1110
-640
576
737
198
1018
2695
3330
3653
4774
5208
4294
3815
4276
4135
3482
3959
4803
4324
3420
3459
3267
2099
1337
1338
436
-1004
-1068
-170
-128
-470
-115
-167
-1327
-2027
-1581
-1925
-3239
-3450
-2730
-2803
-3080
-2460
-2195
-3125
-3497
-2798
-2925
-3859
-3801
-3246
-3794
-4737
-4663
-4735
-6113
-7272
-7398
-7972
-9036
-8822
-7582
-7207
-7448
-7026
-7000
-8210
-8945
-8337
-7896
-8113
-7380
-5947
-5494
-5436
-4299
-3171
-3413
-3691
-2800
-2016
-1801
-694
943
1196
668
1073
1445
779
480
1523
2166
1852
2095
2700
2186
1216
1371
1515
320
-845
-739
-618
-1013
-563
322
5
-1055
-1073
-725
-1478
-2303
-2034
-1937
-2415
-1936
-730
-672
-1411
-995
-233
-650
-1037
-275
119
-550
-646
12
-397
-1526
-1834
-2092
-3433
-4610
-4377
-3978
-4153
-3654
-2545
-2704
-3816
-4026
-3656
-4088
-4193
-2908
-1789
-1591
-827
842
1739
1843
2591
3552
3610
3942
5737
7372
7736
8226
9294
9356
8606
8865
9717
9615
9480
10445
10774
9683
8957
9177
8573
7041
6204
5697
4443
3565
4133
4650
3883
3232
3388
2966
1846
1581
1667
685
-187
444
1226
746
381
906
799
-98
-166
315
-173
-963
-629
-333
-1242
-1812
-1521
-2047
-3492
-4031
-3848
-4366
-4630
-3415
-2197
-2372
-2671
-2382
-2760
-3857
-3794
-2813
-2614
-2603
-1483
-294
-76
380
1617
1950
1230
1556
2911
3595
3890
5068
5941
5420
4854
5289
5281
4465
4719
5840
5818
5002
5057
5206
4209
3350
3364
2525
767
182
784
786
362
749
1056
197
-417
62
0
-1226
-1750
-1097
-957
-1265
-662
-5
-557
-1001
-388
-140
-853
-851
-5
-105
-857
-605
-236
-1235
-2397
-2592
-3224
-4838
-5383
-4619
-4368
-4746
-4361
-4081
-5278
-6513
-6354
-6256
-6828
-6464
-5166
-4596
-4515
-3264
-1753
-1645
-1939
-1154
-363
-311
615
2442
3270
3016
3459
4133
3546
2877
3554
4342
4085
4099
4780
4483
3402
3356
3700
2542
969
658
580
-107
-44
980
933
-57
-98
389
-226
-1221
-1283
-1290
-1996
-1984
-950
-756
-1437
-1346
-690
-1144
-1917
-1515
-1092
-1851
-2230
-1602
-1673
-2786
-3143
-3065
-4224
-5726
-5941
-5731
-6115
-5938
-4670
-4324
-5339
-5775
-5544
-6277
-7062
-6312
-5389
-5488
-5228
-3687
-2634
-2660
-2217
-1406
-1632
-1985
-863
620
1014
1352
2510
2933
2203
2074
2779
2803
2620
3560
4448
3873
3248
3811
3854
2707
1904
1650
542
-627
-224
587
133
-382
61
89
-793
-1107
-872
-1696
-2777
-2364
-1505
-1723
-1909
-1072
-688
-1301
-1345
-521
-506
-1106
-742
-13
-487
-1112
-739
-862
-2252
-3227
-3375
-4211
-5201
-4729
-3542
-3569
-3939
-3546
-3627
-4840
-5317
-4517
-4254
-4520
-3691
-2221
-1685
-1125
364
1260
809
941
2278
3179
3640
5094
6695
6951
6851
7519
7877
7274
7366
8617
9092
8500
8524
8945
8317
7402
7279
6661
4681
3356
3526
3378
2631
2707
3094
2398
1557
1896
1916
534
-403
-101
-158
-829
-579
182
-204
-961
-668
-428
-1199
-1597
-973
-918
-1647
-1516
-844
-1296
-2145
-2159
-2303
-3574
-4354
-3671
-3032
-3068
-2375
-1332
-1673
-2657
-2602
-2289
-2794
-2822
-1766
-1078
-1078
-16
1704
2181
1872
2404
3042
2774
3085
4656
5646
5540
6047
6877
6513
5633
5973
6742
6641
6621
7309
7335
6430
6257
6732
5975
4252
3542
3289
2383
2021
2857
3138
2257
2123
2923
2634
1545
1299
1321
454
-53
727
1187
648
700
1427
1241
552
918
1588
1089
660
1356
1611
753
406
696
-201
-1830
-2567
-2769
-3539
-3958
-3050
-2528
-3274
-3845
-3788
-4487
-5636
-5514
-4810
-5129
-5288
-3996
-2711
-2551
-2079
-1045
-1001
-1627
-922
471
882
1222
2550
3393
2853
2562
3122
3058
2632
3319
4250
3834
3149
3584
3922
2981
2107
1822
736
-761
-905
-136
-412
-1099
-713
-240
-894
-1340
-1059
-1648
-2978
-3129
-2519
-2864
-3371
-2760
-2384
-3185
-3648
-3097
-3207
-4133
-4120
-3440
-3858
-4628
-4261
-4070
-5133
-6121
-6237
-7040
-8425
-8446
-7466
-7313
-7569
-6978
-6780
-7890
-8673
-8176
-8014
-8674
-8451
-7285
-6767
-6516
-5213
-4041
-4449
-4829
-3954
-3337
-3413
-2470
-789
-228
-373
323
859
212
80
1275
2086
1736
1865
2671
2570
1985
2263
2256
783
-578
-506
-379
-941
-953
-292
-490
-1093
-723
-288
-1315
-2339
-2087
-1962
-2686
-2510
-1445
-1302
-1899
-1457
-718
-1121
-1541
-765
-341
-997
-1012
-243
-399
-1339
-1410
-1458
-2865
-4217
-4095
-3801
-4223
-3852
-2657
-2617
-3604
-3727
-3332
-3880
-4320
-3589
-2926
-2994
-2241
-343
737
765
1445
2483
2519
2624
4163
5741
6195
7004
8551
8878
8175
8465
9447
9570
9477
10294
10670
9931
9689
10336
9950
8321
7273
6756
5610
4733
5127
5343
4447
4045
4769
4718
3520
3022
3008
2052
963
1201
1576
890
471
936
831
-213
-343
216
-202
-927
-472
40
-629
-1011
-377
-593
-1991
-2731
-2706
-3410
-4013
-3137
-1976
-2127
-2326
-1824
-1978
-2900
-2899
-2142
-2315
-2705
-1781
-401
19
472
1625
1944
1261
1346
2440
2825
2898
4168
5480
5317
4907
5396
5543
4946
5304
6399
6267
5535
5947
6598
6043
5281
5149
4205
2487
1965
2530
2281
1454
1691
2368
1979
1444
1748
1497
153
-383
37
-196
-754
-256
493
73
-372
222
553
-152
-224
552
507
-248
-34
551
-180
-1234
-1503
-2155
-3789
-4581
-4005
-3912
-4307
-3826
-3356
-4297
-5246
-5045
-4947
-5851
-6130
-5327
-4947
-4838
-3627
-2218
-2159
-2532
-1863
-1248
-1528
-1046
576
1562
1658
2311
3054
2571
2030
2884
3744
3368
3239
4068
4209
3631
3906
4277
3001
1316
1015
1016
231
-105
554
619
95
410
1049
389
-735
-788
-868
-1837
-2251
-1521
-1439
-2211
-2191
-1654
-2127
-2896
-2490
-2086
-2699
-3037
-2363
-2268
-3022
-3157
-2973
-4022
-5586
-5936
-5891
-6541
-6530
-5286
-4852
-5680
-5877
-5434
-5948
-6802
-6497
-6151
-6722
-6580
-5121
-4099
-4144
-3765
-2923
-3065
-3588
-2792
-1569
-1202
-592
925
1558
903
866
1796
1992
1775
2535
3367
3008
2881
3940
4357
3244
2352
2084
1137
58
222
608
-85
-553
281
657
-207
-562
-302
-1035
-2181
-2074
-1483
-1878
-2197
-1418
-1072
-1758
-1878
-1100
-1176
-1818
-1428
-775
-1230
-1622
-958
-839
-2065
-3003
-3177
-4074
-5316
-5035
-3977
-4022
-4349
-3835
-3661
-4638
-4939
-4263
-4471
-5277
-4784
-3449
-2917
-2411
-943
5
-310
-150
972
1537
1706
3071
4981
5543
5501
6218
6776
6407
6578
7754
8047
7341
7598
8535
8397
7739
7664
7001
5214
4160
4398
4102
2998
2930
3637
3366
2713
3040
3044
1686
640
752
365
-732
-762
-206
-736
-1580
-1310
-1080
-1883
-2265
-1539
-1438
-2146
-1945
-1042
-1203
-1984
-1963
-2075
-3484
-4503
-4057
-3640
-3799
-3194
-2055
-2185
-2912
-2462
-1888
-2524
-3037
-2369
-1930
-2054
-1144
529
929
616
1223
1863
1371
1278
2607
3752
3979
4647
5581
5377
4704
5236
6108
5890
5607
6303
6733
6330
6661
7401
6675
5014
4463
4460
3505
2695
3087
3288
2640
2729
3565
3337
2218
1996
2066
1111
364
942
1358
716
713
1538
1435
625
981
1689
1237
767
1417
1844
1307
1156
1629
989
-585
-1394
-1666
-2553
-3094
-2235
-1594
-2306
-2741
-2279
-2578
-3600
-3708
-3416
-4114
-4582
-3476
-2301
-2236
-1880
-801
-648
-1395
-1101
-136
149
581
2120
3111
2674
2490
3239
3452
3003
3419
4139
3796
3394
4355
5099
4327
3371
3147
2363
1009
653
1007
441
-199
423
1098
568
119
429
-115
-1531
-1969
-1649
-2166
-2927
-2548
-2111
-2931
-3501
-2996
-3012
-3877
-3890
-3281
-3612
-4177
-3611
-3134
-4008
-4854
-5039
-5871
-7329
-7577
-6670
-6488
-6774
-6252
-5813
-6531
-7081
-6605
-6757
-7917
-8177
-7283
-6966
-6908
-5749
-4602
-4850
-5063
-4374
-4131
-4559
-3766
-1998
-1273
-1321
-645
78
-251
-274
878
1469
905
1105
2347
2817
2617
2903
2925
1623
471
527
294
-785
-1092
-408
-387
-855
-393
143
-699
-1650
-1534
-1598
-2494
-2669
-1837
-1774
-2410
-2069
-1469
-1928
-2359
-1670
-1298
-1972
-1951
-935
-789
-1419
-1266
-1131
-2444
-3914
-3988
-3888
-4368
-4104
-3066
-3008
-3768
-3561
-2944
-3482
-4274
-4038
-3685
-4028
-3507
-1836
-883
-854
-2
1129
963
643
1860
3331
3876
4778
6247
6642
6113
6586
7730
7742
7328
7924
8520
8320
8623
9646
9430
8016
7389
7323
6282
5107
5190
5336
4582
4394
5248
5294
4283
3828
3751
2675
1373
1306
1429
561
53
569
402
-640
-751
-135
-612
-1424
-1026
-454
-979
-1142
-315
-318
-1598
-2334
-2423
-3240
-3952
-3112
-2045
-2228
-2362
-1516
-1217
-1864
-1936
-1477
-2040
-2802
-2134
-989
-789
-518
761
1382
734
590
1334
1476
1503
2785
4144
3960
3610
4317
4728
4257
4428
5204
4982
4487
5406
6576
6263
5554
5616
5148
3673
2898
3080
2437
1395
1659
2401
2042
1670
2129
2005
739
86
397
-10
-840
-546
139
-340
-919
-371
15
-726
-943
-212
-263
-957
-531
331
-100
-918
-991
-1632
-3386
-4263
-3735
-3658
-4159
-3804
-3177
-3702
-4310
-3875
-3821
-5000
-5676
-5178
-5005
-5267
-4429
-3020
-2779
-2944
-2307
-1974
-2546
-2331
-756
268
306
899
1766
1530
1237
2100
2727
2007
1755
2856
3545
3334
3706
4233
3412
2155
2041
1935
768
118
675
808
291
711
1566
1094
56
27
-44
-1172
-1821
-1298
-1236
-2074
-2158
-1620
-2049
-2828
-2541
-2213
-2944
-3420
-2691
-2342
-2861
-2716
-2160
-3044
-4655
-5085
-5039
-5710
-5825
-4824
-4467
-5195
-5091
-4306
-4654
-5606
-5664
-5579
-6284
-6537
-5435
-4612
-4634
-4048
-2968
-3160
-3939
-3485
-2427
-2126
-1585
-157
515
33
306
1521
1806
1302
1688
2511
2532
2791
4021
4525
3646
3076
3223
2417
1041
807
1016
280
-170
728
1331
752
554
1009
456
-689
-780
-385
-883
-1365
-762
-466
-1219
-1356
-661
-764
-1545
-1318
-667
-1011
-1276
-383
103
-805
-1675
-1892
-2807
-4085
-3935
-3060
-3307
-3804
-3139
-2672
-3307
-3555
-3090
-3533
-4583
-4383
-3414
-3280
-2999
-1493
-241
-381
-367
502
860
857
2101
3889
4329
4164
4999
5828
5622
5655
6386
6353
5773
6406
7704
7860
7414
7726
7757
6500
5521
5564
5059
3768
3574
4219
4008
3454
3895
4056
2870
1895
1908
1362
192
15
491
-80
-945
-734
-442
-1274
-1827
-1339
-1363
-2202
-2099
-1100
-1022
-1492
-1276
-1352
-2773
-3864
-3442
-3117
-3525
-3138
-2109
-2073
-2447
-1769
-1119
-1893
-2579
-2087
-1922
-2446
-1955
-450
137
64
786
1338
664
338
1523
2557
2636
3098
4055
4101
3748
4488
5229
4619
4084
4977
5754
5671
6098
7011
6707
5589
5317
5243
4048
2946
3065
3138
2431
2520
3500
3444
2557
2543
2742
1730
838
1343
1612
859
743
1487
1364
593
825
1361
771
147
682
1112
700
842
1653
1270
-256
-1062
-1229
-2103
-2777
-2099
-1660
-2361
-2549
-1694
-1729
-2732
-2961
-2773
-3595
-4451
-3873
-3072
-3143
-2671
-1383
-1140
-1991
-1933
-1106
-953
-722
553
1400
906
926
2058
2390
1694
1706
2349
2234
2161
3309
4238
3813
3423
3802
3368
2004
1484
1597
822
-10
547
1246
806
520
1139
889
-382
-860
-527
-1111
-2034
-1802
-1529
-2397
-3010
-2501
-2612
-3618
-3791
-3307
-3743
-4331
-3576
-2720
-3170
-3891
-3986
-4709
-6141
-6446
-5700
-5794
-6402
-5943
-5229
-5659
-6075
-5629
-5801
-7020
-7485
-7021
-7204
-7563
-6553
-5284
-5361
-5618
-5060
-4924
-5441
-4853
-3195
-2645
-2913
-2162
-1035
-1003
-1047
-206
59
-554
-206
1213
1739
1571
2146
2709
1905
939
995
654
-643
-1180
-556
-504
-992
-437
377
-142
-968
-770
-807
-1798
-2075
-1419
-1499
-2277
-2012
-1356
-1823
-2405
-1798
-1521
-2327
-2455
-1453
-1025
-1272
-859
-506
-1686
-3068
-3121
-3022
-3710
-3849
-3073
-2967
-3483
-3114
-2384
-2914
-3732
-3514
-3342
-4112
-4105
-2695
-1735
-1496
-542
589
367
-38
1018
2373
2673
3130
4349
4900
4703
5398
6466
6185
5525
6177
7086
7034
7428
8672
9015
8214
8067
8260
7307
5942
5704
5652
4745
4352
5062
5248
4458
4231
4415
3474
2198
2124
2227
1242
556
969
849
-202
-382
120
-427
-1416
-1260
-852
-1288
-1228
-77
213
-906
-1591
-1601
-2298
-3096
-2552
-1845
-2211
-2282
-1236
-734
-1309
-1327
-744
-1216
-2190
-1948
-1189
-1208
-869
546
1301
682
461
1164
1327
1285
2272
3321
3104
2998
4128
4824
4287
4139
4788
4745
4379
5283
6495
6429
6140
6701
6678
5419
4642
4612
3773
2593
2666
3256
2913
2624
3298
3455
2400
1841
2167
1840
897
1026
1605
1087
423
948
1243
402
53
549
228
-619
-152
949
883
326
391
-83
-1663
-2436
-2002
-2180
-3040
-2802
-2031
-2315
-2844
-2383
-2174
-3227
-3922
-3656
-3938
-4626
-4003
-2630
-2292
-2457
-1892
-1625
-2248
-2107
-794
-177
-595
-144
968
1119
874
1545
1953
1233
1044
2168
2860
2706
3306
4248
3925
3072
3150
2999
1686
784
1175
1118
440
797
1790
1590
817
942
976
-77
-824
-482
-622
-1637
-1859
-1405
-1875
-2796
-2572
-2343
-3306
-4065
-3460
-3028
-3328
-2912
-2170
-2904
-4366
-4643
-4527
-5355
-5849
-5168
-4864
-5424
-5259
-4395
-4615
-5471
-5425
-5336
-6422
-7176
-6499
-5863
-5950
-5297
-4241
-4476
-5269
-4763
-3670
-3570
-3447
-2395
-1641
-1781
-1248
-51
61
-644
-281
569
541
677
1993
2778
2303
2295
2903
2375
1011
701
815
-47
-690
49
666
244
248
910
554
-510
-554
-182
-856
-1552
-1089
-844
-1647
-1882
-1159
-1236
-2143
-2166
-1703
-2057
-2232
-1044
-193
-910
-1637
-1593
-2250
-3465
-3576
-3041
-3511
-4003
-3305
-2724
-3301
-3478
-2798
-2985
-4050
-4181
-3546
-3660
-3499
-1970
-628
-793
-903
18
466
373
1205
2473
2591
2522
3692
4787
4602
4497
5252
5400
4878
5504
6893
7237
7085
7877
8495
7673
6844
6911
6316
4869
4455
4912
4539
4005
4588
5003
4077
3284
3414
3008
1741
1347
1649
1008
-26
63
314
-510
-1173
-880
-1181
-2278
-2297
-1187
-822
-1108
-754
-670
-1847
-2782
-2441
-2410
-3174
-3075
-2049
-1937
-2284
-1592
-781
-1303
-1887
-1516
-1614
-2559
-2389
-985
-342
-439
127
673
162
-22
1092
1804
1422
1673
2865
3287
3070
3731
4443
3884
3367
4192
4930
4794
5236
6383
6589
5898
5923
6040
4900
3647
3601
3478
2534
2457
3467
3618
2951
3153
3561
2780
1994
2347
2511
1642
1346
1935
1741
957
1151
1654
908
-61
203
640
382
711
1708
1485
161
-353
-359
-1334
-2330
-2037
-1750
-2415
-2628
-1826
-1748
-2530
-2556
-2194
-3057
-4235
-4028
-3430
-3527
-3097
-1910
-1792
-2668
-2466
-1511
-1481
-1742
-927
-162
-333
-84
1115
1494
788
822
1470
1333
1127
2150
3170
3034
3060
3881
3825
2661
2160
2282
1435
414
753
1438
1104
986
1784
1813
766
430
786
135
-892
-736
-541
-1492
-2125
-1604
-1637
-2670
-3108
-2922
-3522
-4139
-3252
-2174
-2485
-3072
-2881
-3251
-4566
-5016
-4587
-4918
-5607
-5144
-4448
-4863
-5192
-4545
-4460
-5538
-6161
-6058
-6558
-7107
-6168
-4908
-5076
-5479
-4807
-4354
-4714
-4346
-3174
-2960
-3218
-2286
-1020
-969
-1060
-287
-15
-662
-471
725
1189
1079
1913
2955
2612
1979
2208
1997
690
-18
384
213
-365
192
1088
751
142
541
635
-380
-796
-227
-443
-1407
-1298
-682
-1088
-1645
-1179
-1147
-2245
-2583
-1586
-996
-1172
-699
-189
-1086
-2257
-2325
-2453
-3511
-3942
-3289
-3227
-3868
-3514
-2665
-2903
-3448
-3091
-3020
-4078
-4349
-3120
-2192
-2102
-1431
-463
-566
-772
245
1234
1025
1176
2467
3204
3147
3882
5019
4814
4241
4898
5702
5555
5859
7231
7918
7585
7823
8371
7662
6382
6125
5954
4866
4282
5010
5265
4548
4467
4917
4209
3000
2921
2977
1922
1063
1296
1054
-16
-205
308
-324
-1620
-1817
-1490
-1898
-1785
-604
-194
-1108
-1488
-1243
-1958
-3028
-2810
-2241
-2689
-2873
-1937
-1375
-1818
-1586
-750
-1118
-2276
-2374
-1799
-1905
-1642
-382
165
-504
-438
564
777
334
943
1881
1770
1805
3044
3847
3328
3251
3980
3909
3361
4046
5176
5202
5179
6106
6484
5531
4936
5006
4187
2786
2621
3137
2777
2485
3244
3689
2903
2494
2975
2698
1745
1764
2211
1541
795
1316
1739
972
466
677
197
-711
-229
962
947
491
803
714
-666
-1582
-1393
-1770
-2812
-2729
-2033
-2386
-2902
-2237
-1696
-2455
-3143
-3082
-3601
-4465
-3954
-2694
-2629
-3117
-2567
-1972
-2350
-2376
-1390
-1033
-1520
-1012
251
516
274
972
1449
761
430
1335
1787
1551
2210
3482
3572
3098
3487
3675
2477
1518
1669
1505
704
921
1870
1802
1213
1501
1735
825
102
442
292
-848
-1256
-845
-1243
-1998
-1827
-1759
-3008
-3963
-3418
-2905
-3178
-2764
-1842
-2172
-3284
-3446
-3400
-4384
-5138
-4605
-4409
-5130
-5137
-4297
-4290
-4908
-4682
-4610
-5878
-6893
-6296
-5670
-5879
-5607
-4728
-4734
-5172
-4536
-3549
-3693
-3866
-2870
-2032
-2078
-1556
-328
-165
-812
-493
232
-58
-133
1033
2028
1856
2156
3123
2987
1919
1637
1655
658
-184
370
859
395
444
1276
1120
182
189
629
-7
-772
-444
-332
-1115
-1232
-392
-463
-1547
-1855
-1516
-1879
-2088
-1013
-170
-679
-1126
-847
-1453
-2832
-3206
-2888
-3502
-4156
-3622
-3100
-3530
-3483
-2463
-2419
-3563
-3935
-3484
-3609
-3598
-2430
-1494
-1828
-1771
-637
-102
-361
167
1255
1386
1396
2624
3807
3712
3701
4569
4774
4132
4441
5633
5951
5948
7008
7979
7589
7181
7533
7069
5587
5035
5329
4865
4172
4668
5223
4472
3792
4062
3780
2588
2188
2455
1652
505
609
1036
319
-443
-427
-958
-2159
-2242
-1235
-967
-1240
-687
-238
-1120
-2006
-1798
-1897
-2844
-2885
-2051
-2088
-2565
-1836
-766
-980
-1477
-1247
-1520
-2516
-2387
-1173
-887
-1311
-793
7
-259
-386
544
1076
558
817
2090
2594
2423
3154
3980
3552
3009
3590
4079
3692
4037
5313
5749
5381
5814
6377
5488
4272
4210
3995
2911
2598
3461
3596
3002
3282
3853
3195
2447
2867
3053
2103
1573
2099
2027
1406
1660
2104
1126
-17
154
541
99
306
1354
1445
446
160
253
-763
-1871
-1702
-1442
-2244
-2617
-1868
-1568
-2053
-1805
-1385
-2430
-3741
-3526
-2986
-3360
-3386
-2484
-2343
-2973
-2613
-1618
-1722
-2200
-1526
-715
-888
-650
533
992
402
483
1124
795
293
1107
2155
2116
2347
3511
3968
3208
2901
3127
2274
1141
1261
1759
1257
1036
1878
2039
1086
832
1295
788
-259
-294
-272
-1260
-1837
-1183
-1141
-2356
-3032
-2950
-3571
-4319
-3645
-2608
-2794
-3092
-2542
-2664
-3926
-4495
-4182
-4624
-5502
-5319
-4836
-5324
-5545
-4614
-4297
-5467
-6284
-6145
-6554
-7198
-6599
-5696
-6040
-6427
-5577
-4941
-5350
-5186
-4203
-4071
-4352
-3486
-2222
-2126
-2186
-1279
-856
-1566
-1654
-683
-345
-518
358
1649
1734
1544
2181
2234
1062
344
643
337
-429
-56
821
575
2
466
715
-119
-447
113
-173
-1262
-1165
-322
-535
-1073
-788
-859
-2051
-2534
-1745
-1351
-1652
-1122
-294
-836
-1848
-1869
-2005
-3086
-3639
-3103
-3200
-4009
-3649
-2486
-2360
-2828
-2623
-2603
-3601
-3899
-2879
-2327
-2642
-2204
-1175
-1098
-1266
-310
559
230
295
1555
2315
2253
3016
4277
4311
3828
4339
4958
4625
4742
6029
6818
6756
7386
8445
8199
7212
7100
7016
5902
5132
5662
5818
5124
5094
5607
5046
3978
4038
4215
3127
2084
2154
2022
1130
1027
1489
726
-731
-1053
-894
-1487
-1662
-605
-16
-626
-738
-313
-958
-2044
-1953
-1479
-2102
-2616
-1920
-1262
-1395
-998
-158
-593
-1783
-1789
-1236
-1499
-1653
-776
-319
-884
-736
309
494
-57
408
1291
1188
1182
2354
3211
2852
2911
3634
3453
2656
3074
3992
3916
3918
5078
5896
5421
5183
5549
4935
3581
3296
3628
3097
2622
3362
3822
3098
2731
3383
3294
2425
2338
2652
1923
1299
1985
2493
1687
1005
1082
481
-638
-511
419
366
21
639
871
-264
-1083
-861
-1215
-2250
-2407
-2018
-2457
-2826
-1885
-1197
-2014
-2807
-2712
-3094
-3998
-3776
-2879
-3075
-3627
-3012
-2287
-2642
-2762
-1928
-1702
-2260
-1859
-674
-494
-670
152
829
186
-242
495
800
348
884
2253
2655
2581
3402
3999
3151
2359
2573
2344
1358
1398
2270
2233
1625
1943
2331
1596
1021
1412
1099
-226
-690
-142
-386
-1150
-1053
-1039
-2327
-3407
-3097
-2866
-3352
-3043
-1930
-1964
-2817
-2844
-2728
-3691
-4454
-4078
-4183
-5259
-5346
-4284
-4029
-4564
-4418
-4336
-5425
-6303
-5773
-5362
-5932
-5906
-5068
-4959
-5385
-4782
-3894
-4177
-4505
-3604
-2855
-3064
-2658
-1345
-1016
-1554
-1261
-607
-1003
-1375
-443
451
403
940
2317
2698
2007
2028
2280
1324
342
693
1068
507
474
1267
1180
377
607
1290
688
-227
-50
176
-477
-523
317
183
-1036
-1488
-1336
-2003
-2619
-1844
-1024
-1423
-1600
-1074
-1483
-2753
-2999
-2589
-3284
-4322
-4047
-3458
-3659
-3458
-2417
-2417
-3547
-3786
-3244
-3465
-3814
-3014
-2267
-2613
-2565
-1404
-873
-1236
-861
201
290
132
1188
2392
2413
2519
3502
3781
3108
3268
4220
4328
4225
5361
6641
6687
6680
7450
7380
6171
5626
5889
5344
4532
4967
5508
4768
4063
4520
4529
3482
2978
3053
2209
1051
1227
1754
1022
194
137
-383
-1804
-2248
-1590
-1559
-1932
-1234
-504
-1175
-2014
-1681
-1615
-2520
-2876
-2398
-2610
-3013
-2118
-896
-1071
-1649
-1330
-1369
-2222
-2255
-1305
-1199
-1752
-1236
-287
-432
-617
252
777
303
438
1561
1996
1843
2602
3562
3269
2742
3296
3612
3019
3054
4253
4804
4682
5463
6446
6009
5146
5217
5022
3835
3391
4099
4215
3564
3758
4389
4048
3528
4050
4213
3123
2511
3059
3125
2510
2690
3068
2093
816
767
824
86
8
1054
1399
678
530
799
65
-897
-773
-831
-1969
-2533
-1653
-1205
-1606
-1428
-1008
-1862
-2977
-2781
-2341
-2965
-3245
-2511
-2297
-2896
-2609
-1696
-1871
-2399
-1843
-1183
-1528
-1439
-253
290
-181
-3
708
374
-309
199
998
897
1159
2560
3375
3044
3189
3745
3126
1977
2007
2411
1877
1567
2260
2399
1551
1513
2199
1772
624
423
466
-433
-926
-267
-166
-1328
-1998
-1962
-2731
-3805
-3478
-2666
-2793
-2936
-2272
-2252
-3348
-3710
-3288
-3829
-5090
-5251
-4829
-5158
-5246
-4298
-3971
-5058
-5673
-5353
-5708
-6491
-6176
-5491
-5921
-6258
-5404
-4801
-5271
-5177
-4241
-4152
-4670
-3998
-2834
-2759
-2804
-1843
-1282
-1905
-2032
-1265
-1171
-1570
-779
576
893
1000
2035
2516
1655
1030
1279
882
4
281
1049
684
82
717
1276
677
387
872
503
-545
-421
435
227
-367
-120
-205
-1504
-2284
-1885
-1867
-2375
-1813
-831
-1233
-2087
-1855
-1648
-2605
-3329
-3149
-3480
-4324
-3881
-2644
-2546
-3064
-2786
-2585
-3440
-3790
-2973
-2655
-3223
-2878
-1824
-1752
-2027
-1150
-262
-595
-686
410
1074
942
1636
2942
3118
2760
3375
3995
3478
3296
4370
5150
5117
5937
7384
7616
7067
7324
7410
6306
5488
5973
6107
5251
5046
5586
5244
4432
4643
4858
3693
2567
2649
2584
1705
1555
2032
1290
-151
-586
-673
-1690
-2272
-1357
-734
-1242
-1353
-735
-1011
-1842
-1725
-1480
-2416
-3223
-2509
-1784
-1921
-1608
-755
-1060
-2053
-1957
-1351
-1767
-2153
-1412
-865
-1347
-1240
-190
48
-477
-57
755
539
393
1478
2341
2033
2180
3104
3104
2309
2490
3197
2993
2855
4023
5064
4924
5081
5896
5601
4347
4036
4404
3912
3340
3903
4303
3637
3499
4395
4491
3586
3383
3639
2971
2308
2933
3465
2665
1980
2127
1512
113
-150
540
455
146
770
1127
262
-228
252
-58
-1370
-1880
-1622
-2011
-2345
-1464
-729
-1476
-2137
-1825
-2011
-2942
-2970
-2291
-2565
-3143
-2615
-1948
-2368
-2543
-1751
-1551
-2246
-2037
-999
-841
-1121
-337
482
17
-322
289
455
-256
58
1298
1740
1801
2921
3998
3616
3042
3322
3152
2209
2138
2886
2635
1866
2183
2809
2308
1794
2119
1798
487
33
602
441
-319
-180
-49
-1193
-2406
-2434
-2538
-3274
-3059
-2032
-2077
-2879
-2662
-2158
-2869
-3747
-3676
-4008
-5164
-5255
-4205
-3951
-4471
-4297
-4012
-4860
-5624
-5193
-4965
-5695
-5770
-4966
-4925
-5481
-4992
-4117
-4438
-4875
-4146
-3539
-3835
-3527
-2304
-1883
-2261
-1792
-1021
-1448
-2003
-1315
-619
-812
-370
1114
1766
1515
1861
2299
1453
491
857
1217
525
279
1004
1084
528
910
1664
1085
112
274
509
-103
-239
581
519
-565
-958
-977
-1947
-2872
-2287
-1549
-1974
-2199
-1543
-1521
-2381
-2446
-2128
-3030
-4271
-4099
-3505
-3748
-3593
-2600
-2503
-3444
-3507
-2888
-3213
-3773
-3142
-2419
-2787
-2859
-1781
-1255
-1632
-1310
-342
-327
-604
354
1448
1426
1620
2764
3270
2684
2779
3584
3546
3255
4231
5507
5751
6114
7348
7716
6715
6315
6680
6247
5396
5639
6009
5231
4683
5363
5542
4584
4066
4142
3337
2204
2345
2801
2077
1292
1396
898
-720
-1537
-1142
-1255
-1759
-1239
-554
-1064
-1513
-849
-655
-1713
-2359
-2103
-2399
-2932
-2130
-964
-1177
-1663
-1122
-900
-1721
-1873
-1048
-1007
-1606
-1164
-307
-504
-747
89
602
15
23
1069
1406
1100
1793
2879
2782
2389
2988
3276
2487
2287
3238
3571
3354
4213
5554
5525
4971
5223
5235
4226
3806
4468
4407
3523
3685
4485
4313
3873
4411
4541
3426
2790
3352
3376
2655
2834
3409
2641
1354
1070
924
10
-243
630
822
51
99
763
381
-526
-576
-774
-2079
-2735
-1927
-1478
-1965
-1815
-1210
-1761
-2697
-2502
-2146
-2856
-3254
-2574
-2396
-3086
-2892
-2006
-2182
-2838
-2369
-1765
-2190
-2280
-1251
-698
-1109
-805
81
-150
-945
-584
46
-274
-279
1082
2105
2156
2640
3527
3161
2161
2332
2799
2159
1589
2114
2282
1596
1688
2509
2162
1014
826
983
169
-426
189
413
-504
-1057
-1056
-2011
-3310
-3206
-2558
-2936
-3328
-2712
-2408
-3079
-3245
-2744
-3380
-4813
-5147
-4769
-5127
-5331
-4460
-4048
-4881
-5232
-4741
-5055
-5919
-5720
-5076
-5550
-6017
-5301
-4737
-5239
-5269
-4412
-4343
-4901
-4357
-3297
-3272
-3336
-2288
-1507
-1953
-2075
-1363
-1382
-2026
-1618
-509
-257
-25
1251
2157
1548
1151
1620
1497
685
817
1424
985
429
1177
1928
1470
1156
1605
1321
308
345
1060
831
322
737
774
-573
-1591
-1377
-1454
-2174
-1920
-1184
-1501
-2085
-1523
-1078
-1954
-2835
-2824
-3248
-4154
-3890
-2784
-2758
-3207
-2723
-2308
-3027
-3430
-2699
-2445
-3061
-2853
-1881
-1846
-2176
-1410
-588
-986
-1123
-130
415
143
688
1989
2306
2081
2792
3505
2998
2687
3535
4040
3797
4551
6187
6771
6557
7041
7437
6665
6041
6568
6624
5644
5346
5963
5827
5198
5458
5712
4611
3541
3672
3525
2534
2349
2971
2482
1091
543
308
-781
-1505
-878
-580
-1304
-1384
-536
-522
-1211
-1128
-1044
-2154
-3071
-2509
-1914
-2213
-1966
-988
-1022
-1804
-1630
-1018
-1460
-1934
-1276
-830
-1361
-1316
-315
-157
-729
-331
492
271
9
960
1748
1502
1743
2787
2901
2117
2240
2801
2330
1821
2717
3723
3766
4181
5265
5276
4329
4315
4866
4380
3653
4024
4330
3713
3692
4653
4795
3871
3716
4080
3432
2634
3143
3749
3174
2680
2878
2194
703
368
890
499
-172
275
722
158
-65
605
314
-1113
-1779
-1546
-2041
-2568
-1852
-1123
-1694
-2131
-1647
-1715
-2649
-2701
-2075
-2406
-3111
-2609
-1967
-2470
-2766
-2035
-1839
-2562
-2445
-1532
-1523
-1901
-1088
-169
-496
-790
-73
92
-705
-717
196
434
487
1716
3047
2899
2560
3161
3267
2461
2335
2910
2512
1644
2033
2826
2437
1912
2328
2203
1032
534
1022
859
217
552
896
-219
-1520
-1578
-1712
-2671
-2875
-2168
-2360
-3089
-2662
-1884
-2448
-3381
-3446
-3792
-4997
-5292
-4456
-4292
-4863
-4545
-4019
-4701
-5446
-5025
-4796
-5615
-5855
-5086
-5037
-5645
-5242
-4449
-4767
-5207
-4460
-3848
-4281
-4130
-2926
-2434
-2742
-2208
-1337
-1667
-2268
-1806
-1423
-1996
-1810
-364
445
336
885
1649
1207
526
1043
1429
631
193
911
1194
602
860
1748
1591
901
974
1124
281
14
1104
1393
348
-75
-161
-1076
-1989
-1656
-1278
-2104
-2490
-1668
-1393
-1985
-2085
-1894
-2744
-3997
-3899
-3582
-4185
-4261
-3159
-2808
-3708
-3633
-2963
-3205
-3790
-3350
-2773
-3221
-3300
-2293
-1866
-2384
-2043
-1146
-1101
-1378
-717
208
302
535
1715
2371
1931
2070
2898
2752
2116
2773
3938
4225
4573
5970
6636
6030
6013
6639
6308
5445
5485
5838
5300
4762
5424
5802
4953
4503
4893
4096
2755
2794
3384
2900
2299
2488
2099
492
-334
25
-405
-1291
-1137
-576
-974
-1304
-488
-193
-1331
-2072
-1767
-2109
-2877
-2369
-1305
-1476
-1842
-1152
-847
-1598
-1838
-1027
-1054
-1728
-1303
-455
-509
-711
4
589
192
215
1195
1467
1116
1781
2801
2697
2456
3070
3386
2650
2276
2872
3003
2589
3437
4966
5208
4858
5405
5788
5068
4826
5412
5148
4095
4219
5081
5004
4599
5138
5428
4506
3895
4411
4364
3644
4041
4859
4165
2872
2642
2535
1549
961
1410
1242
364
475
1392
1184
260
167
74
-1115
-1968
-1482
-1199
-1705
-1522
-833
-1275
-2148
-1894
-1479
-2166
-2710
-2217
-2051
-2700
-2598
-1823
-2066
-2820
-2339
-1671
-2145
-2458
-1599
-1043
-1429
-1102
-195
-308
-924
-622
-203
-866
-1176
-9
1056
1154
1695
2727
2659
1950
2371
2879
2060
1310
1786
2023
1314
1335
2226
2066
1166
1121
1251
315
-268
562
1060
226
-281
-202
-1031
-2331
-2415
-2109
-2972
-3799
-3198
-2727
-3270
-3350
-2802
-3390
-4769
-5111
-4841
-5418
-5894
-5099
-4608
-5407
-5749
-5166
-5367
-6303
-6296
-5761
-6214
-6740
-5996
-5462
-6033
-6047
-5116
-4946
-5529
-5143
-4219
-4222
-4346
-3389
-2594
-2924
-2902
-2071
-2172
-3123
-3034
-2158
-2026
-1869
-538
460
134
79
921
1049
234
218
788
371
-183
540
1315
948
815
1528
1347
241
219
972
900
484
1056
1248
51
-873
-612
-828
-1840
-2033
-1500
-1807
-2264
-1532
-877
-1696
-2544
-2469
-2890
-3964
-3953
-3042
-3028
-3485
-2934
-2281
-2816
-3219
-2500
-2316
-2997
-2839
-1846
-1865
-2323
-1693
-881
-1187
-1355
-448
105
-221
295
1593
1943
1737
2577
3589
3224
2794
3399
3662
3222
3786
5348
5926
5797
6521
7277
6910
6516
7041
7073
6023
5706
6350
6233
5554
5870
6303
5382
4352
4430
4263
3333
3251
4000
3658
2324
1838
1738
672
-279
-55
-134
-1132
-1292
-297
-151
-853
-764
-563
-1580
-2634
-2355
-2041
-2607
-2540
-1591
-1492
-2200
-1964
-1318
-1733
-2363
-1749
-1240
-1736
-1723
-790
-623
-1210
-860
-27
-299
-649
179
972
696
779
1852
2159
1619
1822
2353
1698
932
1586
2481
2472
2828
3975
4235
3700
4010
4740
4232
3374
3658
4001
3431
3272
4227
4514
3824
3811
4183
3462
2648
3260
4031
3592
3167
3447
2955
1647
1324
1673
936
-114
132
647
176
0
721
647
-634
-1235
-1112
-1732
-2536
-2044
-1384
-1951
-2317
-1672
-1530
-2419
-2600
-2059
-2369
-2973
-2500
-1890
-2456
-2869
-2132
-1903
-2666
-2690
-1879
-1870
-2267
-1589
-700
-897
-1003
-50
252
-624
-884
-191
-134
-235
785
1979
1913
1784
2691
3147
2456
2301
2852
2524
1699
2033
2738
2440
2097
2723
2740
1571
1049
1601
1591
1092
1544
2030
1072
29
150
16
-1146
-1737
-1347
-1663
-2412
-1943
-1073
-1493
-2275
-2170
-2461
-3697
-4208
-3553
-3543
-4228
-3945
-3294
-3807
-4498
-4119
-3916
-4835
-5119
-4375
-4289
-4960
-4654
-3834
-4080
-4545
-3894
-3358
-3818
-3744
-2652
-2243
-2617
-2010
-909
-1077
-1653
-1312
-1136
-1882
-1886
-621
26
-179
388
1452
1399
999
1548
1890
1056
605
1237
1347
751
1148
2075
1785
934
1059
1195
455
295
1301
1581
668
358
575
-173
-1284
-1238
-1216
-2258
-2837
-2136
-1872
-2472
-2424
-1976
-2802
-4127
-4195
-3954
-4622
-4909
-4062
-3750
-4411
-4319
-3571
-3900
-4687
-4333
-3718
-4186
-4423
-3560
-3147
-3617
-3412
-2437
-2434
-2896
-2174
-1143
-1205
-1168
37
861
629
1013
1922
1709
906
1352
2434
2563
2833
4134
4958
4695
4988
5969
5895
5085
5187
5560
4834
4254
4952
5362
4697
4406
4717
3990
2706
2729
3349
2942
2341
2625
2425
1139
507
788
213
-999
-1131
-680
-1063
-1359
-457
-33
-988
-1608
-1392
-1833
-2817
-2578
-1776
-2028
-2387
-1621
-1111
-1783
-2033
-1360
-1371
-2051
-1709
-833
-1038
-1400
-594
25
-489
-615
336
617
185
666
1715
1736
1574
2510
3200
2512
2009
2502
2588
2116
2721
3972
4096
3894
4777
5566
5080
4785
5410
5287
4340
4298
5076
4943
4600
5271
5753
4874
4114
4522
4562
4007
4365
5155
4638
3563
3622
3780
2753
1953
2150
1880
917
1021
1951
1861
1155
1204
1202
-26
-928
-576
-502
-1242
-1180
-384
-553
-1317
-1015
-674
-1513
-2144
-1580
-1431
-2241
-2286
-1589
-1804
-2561
-2266
-1734
-2284
-2636
-1798
-1316
-1798
-1521
-403
-189
-682
-366
0
-745
-1164
-209
616
408
797
2006
2287
1877
2345
2988
2330
1531
1900
1950
1201
1220
2194
2194
1325
1224
1366
485
-107
642
1081
280
-166
133
-390
-1588
-1794
-1673
-2620
-3563
-3125
-2699
-3180
-3170
-2446
-2788
-4057
-4429
-4279
-5044
-5734
-5203
-4778
-5404
-5544
-4867
-4995
-5974
-5973
-5408
-5872
-6458
-5832
-5328
-5915
-6054
-5222
-5167
-5802
-5470
-4514
-4591
-4828
-3935
-3036
-3208
-3022
-2019
-2036
-3025
-3045
-2264
-2303
-2386
-1393
-417
-546
-326
795
1193
596
726
1345
910
230
843
1666
1404
1328
2057
1877
771
669
1494
1492
1070
1549
1868
955
268
629
354
-874
-1332
-972
-1367
-1900
-1213
-468
-1078
-1752
-1532
-1862
-3013
-3209
-2537
-2740
-3230
-2630
-1907
-2376
-2815
-2229
-2052
-2768
-2739
-1900
-1935
-2430
-1829
-1040
-1484
-1782
-925
-423
-853
-525
606
876
746
1765
2960
2743
2353
2926
3217
2723
3091
4381
4861
4748
5660
6803
6714
6527
7245
7474
6515
6122
6643
6517
5927
6374
7020
6215
5158
5128
5025
4158
3973
4636
4269
3097
2888
3041
2078
973
953
689
-458
-801
38
190
-407
-228
95
-867
-1943
-1793
-1674
-2507
-2673
-1828
-1648
-2246
-1943
-1278
-1737
-2354
-1761
-1279
-1878
-1955
-1056
-893
-1560
-1348
-607
-929
-1397
-672
-55
-516
-501
682
1200
841
1078
1592
966
195
777
1472
1132
1252
2409
2960
2599
3056
4002
3726
3019
3302
3547
2789
2566
3572
4034
3433
3374
3708
3065
2256
2842
3492
2959
2535
3018
2847
1750
1383
1607
736
-492
-452
-43
-545
-682
151
265
-834
-1292
-1073
-1760
-2735
-2478
-1970
-2457
-2733
-1985
-1811
-2698
-2853
-2266
-2613
-3399
-3050
-2442
-2939
-3375
-2779
-2588
-3424
-3484
-2681
-2723
-3272
-2697
-1778
-1822
-1751
-672
-264
-1108
-1354
-642
-621
-1031
-302
783
786
838
1948
2703
2252
2289
2973
2683
1752
1925
2698
2521
2317
3019
3092
1913
1399
2002
2017
1401
1677
2204
1488
681
957
901
-324
-1083
-885
-1308
-2165
-1821
-912
-1236
-1875
-1637
-1741
-2974
-3617
-3235
-3481
-4307
-4064
-3300
-3689
-4359
-3956
-3694
-4536
-4854
-4192
-4106
-4799
-4515
-3735
-4076
-4647
-4084
-3558
-4037
-4120
-3195
-2882
-3274
-2563
-1300
-1266
-1831
-1476
-1208
-1913
-2124
-1171
-792
-1145
-564
642
794
546
1321
1957
1272
787
1308
1375
806
1312
2416
2251
1421
1556
1807
1160
918
1792
2006
1151
1036
1510
940
-151
-252
-316
-1465
-2263
-1692
-1462
-2016
-1891
-1249
-1849
-3012
-3098
-2983
-3900
-4521
-3865
-3528
-4141
-4059
-3299
-3556
-4316
-3982
-3441
-3940
-4233
-3377
-2945
-3498
-3453
-2621
-2676
-3144
-2532
-1647
-1930
-2052
-864
119
92
529
1475
1354
638
1123
1982
1848
1800
2945
3813
3677
4133
5344
5593
5021
5288
5707
4945
4315
5026
5617
5059
4807
5106
4452
3276
3304
3825
3296
2654
3024
3057
2049
1532
1818
1191
-174
-518
-262
-786
-1217
-418
56
-736
-1251
-890
-1314
-2450
-2502
-1960
-2274
-2637
-1833
-1284
-1863
-2041
-1231
-1204
-1910
-1604
-712
-875
-1224
-510
27
-586
-741
137
378
-186
99
1034
1155
1164
2236
3021
2410
1994
2617
2693
2026
2343
3361
3390
3194
4147
5072
4850
4812
5658
5656
4687
4560
5253
5219
4972
5740
6295
5438
4760
5241
5369
4708
4867
5612
5262
4466
4689
4958
3957
3045
3074
2674
1537
1429
2285
2192
1519
1771
1945
945
58
305
158
-814
-849
-34
-154
-884
-572
-129
-851
-1510
-1032
-926
-1714
-1782
-1072
-1332
-2199
-2015
-1506
-2075
-2523
-1903
-1624
-2211
-1908
-627
-339
-812
-501
9
-641
-1127
-429
54
-399
-157
1005
1382
1087
1787
2716
2301
1659
1968
2010
1223
1290
2329
2437
1557
1451
1671
896
254
843
1185
385
47
620
346
-694
-877
-778
-1879
-3008
-2822
-2524
-3122
-3177
-2431
-2659
-3784
-4027
-3876
-4777
-5796
-5466
-5113
-5779
-5989
-5235
-5292
-6148
-6139
-5607
-6139
-6780
-6194
-5632
-6198
-6401
-5667
-5622
-6282
-5976
-5139
-5412
-5922
-5087
-4117
-4165
-4006
-3036
-2953
-3798
-3779
-3065
-3301
-3749
-2954
-2097
-2249
-2082
-837
-222
-604
-334
359
-117
-868
-257
686
550
524
1292
1275
323
265
1063
919
336
792
1298
620
102
593
423
-846
-1434
-1220
-1742
-2431
-1864
-1119
-1629
-2139
-1742
-1870
-3051
-3491
-3085
-3408
-4050
-3548
-2802
-3235
-3570
-2869
-2618
-3397
-3428
-2585
-2574
-3051
-2484
-1760
-2213
-2563
-1702
-1180
-1729
-1636
-646
-319
-349
681
1901
1790
1511
2232
2640
2082
2227
3325
3658
3428
4295
5536
5667
5708
6742
7233
6377
5947
6477
6463
5972
6460
7203
6478
5534
5670
5725
4789
4488
5082
4857
3886
3906
4311
3523
2465
2377
2043
709
136
771
808
135
291
779
45
-963
-922
-991
-2008
-2361
-1611
-1442
-2029
-1711
-910
-1221
-1800
-1286
-815
-1376
-1460
-523
-303
-1000
-854
-81
-316
-805
-251
234
-281
-242
1000
1595
1232
1530
2242
1821
1059
1482
2001
1482
1365
2359
2861
2536
3081
4270
4306
3767
4045
4292
3532
3319
4356
4860
4287
4234
4712
4226
3442
3880
4455
3881
3463
4100
4178
3290
3042
3355
2477
1118
950
1185
561
257
1026
1206
317
46
376
-312
-1478
-1438
-1027
-1647
-2039
-1328
-1075
-1856
-2001
-1426
-1810
-2713
-2443
-1853
-2323
-2835
-2335
-2204
-3017
-3049
-2327
-2534
-3333
-2886
-1932
-1932
-1891
-836
-352
-1013
-1178
-462
-553
-1175
-687
225
89
12
1118
2000
1841
2097
2927
2665
1661
1826
2630
2508
2256
2949
3155
2174
1779
2386
2313
1586
1828
2453
1986
1367
1844
2001
865
37
125
-406
-1437
-1262
-509
-864
-1449
-1039
-890
-2028
-2770
-2515
-2860
-3816
-3703
-3012
-3350
-3937
-3401
-3038
-3823
-4258
-3627
-3552
-4197
-3925
-3184
-3574
-4197
-3600
-3017
-3619
-3949
-3192
-2922
-3280
-2637
-1390
-1321
-1745
-1234
-804
-1515
-1879
-1111
-879
-1422
-1056
43
209
138
1183
2082
1541
1052
1557
1700
1175
1637
2689
2561
1788
2019
2378
1664
1268
1937
2122
1324
1332
2033
1714
775
724
621
-613
-1553
-1130
-1001
-1716
-1691
-941
-1286
-2282
-2333
-2249
-3259
-4032
-3533
-3348
-4045
-3993
-3167
-3297
-4025
-3743
-3247
-3826
-4189
-3381
-2937
-3604
-3657
-2832
-2816
-3396
-3008
-2361
-2762
-2960
-1807
-859
-980
-542
539
657
39
456
1249
992
781
1771
2506
2266
2719
4178
4733
4373
4714
5159
4480
3869
4626
5232
4680
4442
4913
4493
3421
3395
3895
3290
2576
2989
3236
2417
2017
2405
1848
336
-184
-59
-789
-1514
-978
-526
-1228
-1584
-1126
-1491
-2709
-2913
-2506
-2981
-3562
-2889
-2276
-2752
-2879
-2066
-2001
-2795
-2574
-1659
-1750
-2177
-1563
-1024
-1522
-1631
-764
-655
-1430
-1247
-293
-154
-250
759
1644
1264
1001
1725
1813
1060
1225
2122
2045
1633
2460
3487
3510
3712
4775
4949
4012
3907
4696
4733
4426
5182
5809
5124
4600
5193
5328
4573
4613
5338
5114
4446
4874
5375
4540
3635
3650
3237
2018
1733
2379
2217
1582
2007
2490
1657
830
1046
882
-198
-419
249
81
-589
-209
362
-297
-1002
-602
-461
-1233
-1280
-626
-902
-1774
-1489
-908
-1506
-2174
-1746
-1519
-2113
-1897
-711
-402
-801
-368
325
-238
-803
-211
183
-376
-365
603
862
624
1517
2722
2536
1951
2300
2475
1791
1839
2861
2997
2223
2303
2765
2127
1432
1913
2207
1425
1138
1872
1844
1029
905
1027
-75
-1300
-1267
-1184
-2019
-2274
-1543
-1553
-2486
-2660
-2412
-3329
-4406
-4252
-4052
-4858
-5139
-4390
-4308
-5080
-5048
-4561
-5096
-5770
-5193
-4659
-5298
-5586
-4854
-4657
-5320
-5173
-4515
-4909
-5481
-4733
-3827
-3961
-3824
-2769
-2482
-3212
-3187
-2554
-2856
-3444
-2886
-2229
-2651
-2628
-1342
-507
-646
-276
511
128
-582
28
921
719
617
1425
1534
685
634
1336
1117
426
852
1398
923
596
1266
1194
-44
-682
-493
-1162
-2099
-1811
-1192
-1690
-2108
-1555
-1587
-2707
-3180
-2815
-3281
-4137
-3807
-3119
-3544
-3817
-3070
-2823
-3659
-3758
-2891
-2866
-3421
-2975
-2293
-2638
-2912
-2081
-1691
-2400
-2455
-1525
-1244
-1415
-459
790
840
707
1591
2079
1530
1626
2676
2886
2426
3069
4229
4482
4715
5917
6572
5834
5509
6128
6174
5627
6100
6879
6355
5596
5933
6084
5190
4823
5395
5196
4323
4500
5145
4547
3535
3449
3136
1773
982
1352
1172
344
522
1132
564
-387
-276
-304
-1393
-1969
-1419
-1432
-2137
-1846
-964
-1243
-1906
-1469
-1001
-1528
-1660
-808
-645
-1329
-1066
-145
-368
-976
-590
-157
-738
-803
330
904
567
959
1872
1591
875
1298
1824
1249
926
1691
1978
1563
2167
3530
3756
3271
3636
4004
3357
3109
4094
4570
4011
4058
4736
4416
3647
4026
4568
3930
3442
4158
4461
3797
3661
4073
3323
1994
1772
1895
1028
486
1165
1452
708
515
992
400
-743
-803
-548
-1330
-1960
-1315
-1003
-1701
-1890
-1355
-1768
-2626
-2348
-1765
-2350
-2980
-2409
-2115
-2815
-2971
-2356
-2684
-3576
-3295
-2438
-2579
-2670
-1626
-967
-1489
-1608
-872
-938
-1618
-1255
-560
-951
-1335
-348
619
563
879
1797
1672
798
1000
1820
1648
1348
2079
2473
1692
1380
2052
1998
1196
1279
1891
1539
1075
1728
2049
1035
279
417
-144
-1371
-1511
-957
-1351
-1913
-1427
-1148
-2142
-2837
-2564
-2939
-4076
-4218
-3672
-4010
-4549
-3980
-3600
-4424
-4874
-4187
-4062
-4761
-4638
-3909
-4148
-4625
-4008
-3406
-4072
-4486
-3831
-3617
-4100
-3619
-2416
-2274
-2574
-1957
-1414
-2068
-2400
-1632
-1430
-2166
-2092
-1172
-1005
-1006
136
1160
769
386
1025
1279
749
1092
2144
2107
1508
1894
2435
1832
1425
2027
2159
1389
1472
2401
2281
1510
1566
1660
523
-485
-262
-317
-1189
-1232
-467
-677
-1536
-1497
-1311
-2284
-3142
-2873
-2863
-3719
-3716
-2858
-2925
-3698
-3496
-2933
-3414
-3820
-3125
-2763
-3411
-3404
-2467
-2386
-3018
-2724
-2146
-2596
-2925
-1936
-1061
-1175
-695
545
842
341
829
1734
1535
1242
2019
2526
2121
2508
3985
4645
4401
4826
5438
4919
4392
5127
5714
5212
5060
5733
5546
4634
4698
5182
4545
3718
4136
4503
3856
3585
4091
3661
2310
1810
1863
927
-47
284
673
-26
-371
168
-113
-1268
-1538
-1234
-1965
-2824
-2345
-1787
-2273
-2474
-1783
-1754
-2497
-2276
-1443
-1665
-2222
-1609
-958
-1355
-1490
-698
-638
-1500
-1419
-579
-613
-834
122
1080
794
592
1333
1522
844
962
1727
1399
700
1322
2303
2333
2563
3666
3960
3168
3133
3972
3937
3552
4254
4976
4442
4037
4729
4957
4163
4057
4703
4520
3973
4530
5205
4547
3790
4003
3675
2391
1916
2394
2118
1436
1853
2451
1752
1022
1324
1210
43
-457
-7
-251
-953
-572
-41
-737
-1415
-911
-703
-1502
-1734
-1093
-1290
-2019
-1659
-1029
-1630
-2366
-1959
-1773
-2479
-2434
-1328
-975
-1291
-763
15
-419
-920
-227
210
-516
-766
-59
94
-175
686
1942
1836
1353
1872
2195
1540
1488
2474
2640
1970
2146
2812
2375
1749
2164
2388
1589
1349
2198
2353
1631
1670
2048
1155
-29
-65
-99
-1106
-1520
-809
-772
-1623
-1708
-1315
-2053
-3113
-3097
-3129
-4110
-4577
-3827
-3769
-4626
-4664
-4102
-4513
-5178
-4706
-4239
-4911
-5176
-4303
-4011
-4650
-4594
-3966
-4405
-5131
-4580
-3843
-4055
-3967
-2845
-2432
-3072
-2951
-2161
-2311
-2937
-2530
-2126
-2730
-2908
-1704
-879
-1050
-665
204
12
-683
-118
696
434
288
1094
1386
701
747
1482
1203
355
685
1324
929
664
1421
1556
533
19
227
-484
-1656
-1591
-1144
-1684
-2160
-1600
-1521
-2526
-2943
-2623
-3243
-4408
-4325
-3753
-4198
-4663
-4073
-3851
-4625
-4754
-3960
-4063
-4796
-4473
-3742
-4023
-4330
-3585
-3203
-3971
-4148
-3384
-3258
-3590
-2753
-1442
-1321
-1370
-453
219
-180
9
1024
1120
426
833
1865
2086
2267
3476
4278
3742
3576
4330
4451
3927
4367
5208
4828
4261
4803
5175
4345
3897
4382
4238
3431
3668
4416
3992
3204
3343
3239
1938
1078
1284
989
89
196
863
388
-427
-173
-26
-1087
-1853
-1522
-1608
-2361
-2129
-1347
-1643
-2278
-1737
-1140
-1657
-1879
-1099
-869
-1410
-1050
-58
-162
-770
-342
92
-537
-753
264
888
642
1132
2139
2024
1494
2070
2746
2175
1720
2262
2439
1932
2452
3769
4048
3673
4199
4737
4204
3938
4869
5338
4748
4862
5706
5619
4969
5312
5738
5024
4549
5290
5703
5126
5160
5803
5323
4180
4021
4098
3133
2409
3013
3305
2561
2429
3021
2693
1645
1525
1608
668
-77
468
685
-136
-423
135
-119
-968
-799
-356
-1040
-1684
-1096
-718
-1432
-1609
-1018
-1325
-2330
-2228
-1594
-1893
-2057
-1047
-363
-891
-952
-129
-37
-684
-449
62
-552
-1123
-293
531
355
593
1577
1579
755
961
1734
1495
1079
1713
2175
1544
1376
2093
1996
1029
1028
1636
1285
779
1467
1942
1107
525
786
238
-1105
-1459
-1068
-1547
-2239
-1831
-1524
-2404
-2965
-2658
-3117
-4473
-4837
-4367
-4816
-5532
-5158
-4803
-5566
-5923
-5229
-5145
-5998
-5967
-5224
-5376
-5856
-5245
-4644
-5306
-5778
-5229
-5173
-5854
-5529
-4350
-4148
-4455
-3764
-3065
-3499
-3670
-2807
-2616
-3467
-3557
-2758
-2674
-2803
-1790
-696
-945
-1213
-453
-83
-593
-287
742
741
248
835
1603
1131
691
1280
1436
699
771
1772
1817
1254
1578
1984
1076
128
277
164
-791
-927
-163
-346
-1117
-899
-454
-1291
-2237
-2091
-2135
-3047
-3185
-2446
-2570
-3388
-3129
-2468
-2945
-3498
-2958
-2669
-3344
-3331
-2384
-2286
-2907
-2616
-2003
-2529
-3054
-2236
-1441
-1532
-1087
188
546
176
832
1904
1810
1401
2009
2442
1936
2168
3527
4191
4013
4552
5382
5028
4609
5360
6000
5481
5336
6165
6258
5517
5616
6117
5472
4597
4967
5359
4718
4484
5146
5012
3874
3468
3513
2530
1390
1594
1874
1061
626
1202
1134
107
-189
-8
-855
-1868
-1572
-1150
-1834
-2217
-1571
-1455
-2151
-2060
-1344
-1694
-2347
-1788
-1114
-1534
-1723
-937
-805
-1713
-1830
-1209
-1384
-1737
-893
60
-245
-442
433
817
272
365
1040
621
-225
190
1008
911
1040
2138
2550
1856
1889
2757
2756
2248
2775
3479
3061
2801
3539
3772
2890
2670
3253
3053
2422
2951
3699
3244
2711
3138
2961
1705
1103
1492
1132
303
548
1145
633
85
518
446
-778
-1364
-937
-1232
-2080
-1881
-1415
-2017
-2594
-2022
-1797
-2668
-2979
-2358
-2490
-3174
-2831
-2103
-2583
-3236
-2835
-2732
-3547
-3600
-2565
-2167
-2493
-1927
-1012
-1195
-1489
-654
-146
-880
-1214
-576
-488
-910
-156
1054
1095
744
1398
1906
1355
1326
2262
2440
1860
2210
3066
2794
2213
2667
2905
2091
1804
2610
2811
2218
2414
3085
2448
1374
1323
1269
219
-325
218
170
-697
-627
-45
-649
-1735
-1804
-1833
-2830
-3348
-2787
-2812
-3708
-3708
-3040
-3368
-4140
-3813
-3456
-4150
-4478
-3676
-3389
-3983
-3852
-3146
-3596
-4493
-4163
-3542
-3842
-3811
-2753
-2320
-2878
-2610
-1577
-1548
-2076
-1708
-1255
-1907
-2170
-1165
-391
-584
-185
756
643
86
649
1437
1046
808
1664
2114
1602
1739
2514
2245
1372
1620
2212
1753
1438
2232
2604
1819
1489
1775
1125
-64
-76
320
-310
-884
-326
-110
-984
-1394
-1117
-1793
-3035
-3117
-2716
-3364
-4045
-3577
-3307
-4019
-4110
-3423
-3669
-4551
-4365
-3656
-4001
-4356
-3602
-3180
-3929
-4282
-3756
-3746
-4202
-3533
-2372
-2349
-2462
-1469
-707
-937
-784
149
171
-594
-422
415
455
470
1618
2476
2054
2002
2927
3163
2671
3034
3853
3611
3146
3834
4381
3651
3196
3669
3530
2712
2942
3695
3502
3007
3394
3528
2382
1593
1990
1799
814
700
1237
893
356
871
1132
75
-608
-130
-205
-1054
-993
-350
-632
-1226
-629
-14
-690
-1203
-674
-591
-1287
-1160
-184
-300
-922
-595
-211
-844
-1204
-394
15
-384
-83
738
493
-122
359
1080
560
34
415
291
-420
66
1508
1920
1702
2465
3403
3250
3182
4130
4671
4148
4320
5245
5105
4356
4550
4794
3850
3145
3731
4054
3470
3574
4386
4166
3269
3265
3397
2288
1216
1454
1460
466
129
772
529
-412
-375
-73
-917
-1666
-1092
-721
-1376
-1550
-844
-880
-1758
-1874
-1647
-2638
-3615
-3266
-3079
-3769
-3855
-3045
-3149
-4086
-4056
-3503
-3845
-4158
-3287
-2672
-3280
-3368
-2372
-1964
-2353
-2065
-1511
-1843
-2192
-1305
-474
-590
-288
782
1037
435
648
1422
1213
660
1263
1745
1236
1277
2131
2036
1018
966
1617
1294
741
1489
2196
1746
1497
2075
1785
604
343
889
564
-76
429
901
221
-79
449
17
-1368
-1610
-988
-1278
-2021
-1672
-1154
-1686
-1964
-1231
-1297
-2428
-2746
-2190
-2541
-3214
-2689
-1960
-2416
-2807
-2301
-2200
-2784
-2440
-1300
-1092
-1388
-660
175
-131
-316
432
623
-199
-263
338
239
-4
1024
2254
2194
2113
3074
3756
3545
3957
4874
4767
4239
5017
5968
5524
4929
5352
5496
4843
4897
5793
5905
5519
6172
6773
5830
4745
4863
4683
3463
2916
3348
3020
2190
2414
2747
1696
635
825
892
-176
-703
-218
-420
-1275
-1125
-584
-1121
-1648
-1006
-742
-1646
-2011
-1218
-927
-1335
-1033
-520
-1085
-1635
-840
-284
-869
-901
31
258
-297
92
905
648
171
695
1080
561
679
1871
2377
2007
2422
3295
3120
2725
3291
3565
2750
2484
3227
3181
2233
2207
2789
2292
1469
1678
1772
825
376
913
588
-826
-1436
-1434
-2532
-4002
-4214
-4222
-5193
-5657
-5019
-5005
-5933
-6099
-5757
-6524
-7585
-7348
-6985
-7754
-8186
-7505
-7320
-7993
-7730
-6725
-6840
-7498
-6959
-6163
-6353
-6369
-5486
-5357
-6290
-6512
-5966
-6304
-7059
-6674
-5976
-6323
-6463
-5512
-5013
-5325
-4984
-4104
-4379
-5119
-4641
-3646
-3484
-3067
-1601
-660
-771
-145
1236
1659
1473
2285
3259
3197
3238
4334
4911
4399
4483
5275
5154
4511
4974
5765
5358
4884
5500
5603
4494
3885
4152
3686
2827
3243
4092
3877
3660
4548
4950
4037
3609
4182
4035
3220
3440
4048
3590
3080
3718
4083
3293
2942
3530
3382
2607
2882
3673
3412
2866
3275
3328
2361
2026
2814
2895
2225
2445
3182
2996
2758
3574
4042
3285
2866
3521
3537
2937
3408
4590
4746
4559
5301
5819
5215
5025
5745
5731
4894
5025
5663
5221
4425
4730
4922
4019
3605
4402
4695
4156
4442
5149
4512
3345
3289
3244
2078
1192
1401
1162
355
580
1367
810
-356
-503
-525
-1673
-2674
-2620
-2982
-4086
-4207
-3614
-4069
-4905
-4535
-4084
-4856
-5383
-4607
-4093
-4528
-4434
-3921
-4616
-5861
-5869
-5548
-6234
-6638
-5916
-5550
-6068
-5845
-4978
-5109
-5885
-5842
-5807
-6974
-7964
-7661
-7523
-8189
-8136
-7337
-7482
-8015
-7401
-6581
-6938
-7181
-6211
-5531
-5863
-5654
-4783
-4933
-5726
-5477
-4912
-5338
-5574
-4599
-4029
-4581
-4643
-4012
-4397
-5499
-5640
-5437
-6343
-7169
-6793
-6749
-7862
-8508
-8292
-8917
-10154
-10355
-10077
-10839
-11543
-11028
-10683
-11359
-11411
-10412
-10101
-10557
-10094
-9102
-8898
-8519
-6975
-5792
-6005
-5882
-4830
-4360
-4510
-3614
-2236
-1891
-1727
-436
684
737
1194
2418
2668
1934
2104
2919
2882
2748
3776
4729
4658
5090
6484
7165
6925
7574
8829
9147
9151
10169
11065
10867
10965
11941
12080
11429
11825
13018
13141
12842
13477
13964
13206
12656
12998
12596
11315
11017
11578
11225
10425
10534
10556
9393
8535
8765
8435
7171
6791
7131
6542
5653
6014
6526
5939
5504
6124
6244
5515
5675
6699
6743
6248
6717
7109
6165
5279
5655
5751
5024
5005
5692
5588
5159
5877
6666
6094
5441
5748
5675
4726
4550
5237
5084
4469
4971
5725
5383
5125
5944
6355
5706
5680
6448
6320
5616
5904
6292
5390
4480
4822
4982
4267
4261
5128
5138
4521
4840
5287
4445
3468
3619
3531
2469
2077
2548
2105
912
697
872
-57
-1093
-984
-1152
-2408
-3235
-3127
-3840
-5203
-5589
-5591
-6838
-8163
-8237
-8193
-9057
-9339
-8732
-9002
-10124
-10292
-9860
-10346
-10874
-10231
-9769
-10355
-10271
-9069
-8587
-9043
-8789
-8134
-8578
-9232
-8683
-8111
-8505
-8447
-7508
-7351
-8150
-8111
-7583
-8135
-8952
-8639
-8336
-9056
-9397
-8659
-8612
-9491
-9598
-9138
-9635
-10247
-9520
-8645
-8804
-8637
-7500
-7071
-7559
-7248
-6356
-6523
-6961
-6073
-4984
-5070
-5058
-4190
-4006
-4704
-4572
-3810
-4099
-4822
-4406
-3860
-4472
-4910
-4320
-4249
-5184
-5348
-4798
-5100
-5640
-4789
-3669
-3809
-3934
-3076
-2691
-3081
-2561
-1182
-749
-871
162
1539
1943
2471
3967
4778
4345
4460
5428
5662
5531
6504
7629
7574
7590
8737
9335
8772
8718
9499
9533
9032
9504
10155
9632
9076
9570
9659
8648
8320
9006
8950
8324
8680
9329
8846
8312
8837
8928
7859
7371
7901
7794
7055
7218
7556
6664
5665
5778
5606
4336
3628
3940
3526
2437
2326
2672
1943
1081
1225
1102
-75
-600
94
236
-363
-144
317
-438
-1357
-959
-564
-1173
-1375
-573
-427
-895
-368
663
527
47
626
1063
513
516
1679
2238
1950
2477
3468
3290
2650
3044
3339
2625
2298
2992
3069
2347
2502
3157
2546
1386
1226
1098
-19
-718
-478
-917
-2329
-2892
-2875
-3941
-5479
-5895
-6101
-7174
-7767
-7200
-7222
-8211
-8382
-7897
-8415
-9319
-9157
-8876
-9694
-10241
-9659
-9449
-10040
-9840
-8996
-9284
-10090
-9779
-9233
-9758
-10113
-9460
-9433
-10553
-11096
-10849
-11419
-12290
-12012
-11522
-12189
-12695
-11909
-11376
-11775
-11592
-10787
-10935
-11541
-10898
-9776
-9623
-9255
-7759
-6491
-6193
-5246
-3649
-3015
-3006
-1919
-514
-273
35
1448
2493
2397
2727
3759
3769
3121
3495
4296
4047
3686
4365
4601
3731
3428
3974
3729
2914
3347
4371
4409
4361
5385
6076
5658
5817
6880
7118
6642
7100
7958
7729
7483
8496
9381
9059
9072
9882
9912
9305
9785
10810
10673
10173
10524
10570
9455
8954
9531
9445
8522
8565
9214
9002
8658
9423
9909
9075
8567
9127
9194
8595
8996
10059
10137
10033
11076
11903
11456
11297
12118
12256
11505
11560
12294
12078
11554
12065
12414
11506
10863
11280
11155
10187
10075
10570
10011
9051
9111
9008
7613
6407
6378
6014
4919
4718
5156
4494
3368
3324
3307
2072
968
939
433
-898
-1336
-874
-1251
-1956
-1560
-1054
-1807
-2417
-1897
-1753
-2533
-2655
-2201
-2898
-4127
-4213
-3941
-4759
-5440
-5006
-4923
-5728
-5696
-4860
-5004
-5937
-6117
-6261
-7565
-8656
-8486
-8559
-9538
-9789
-9118
-9258
-9968
-9620
-8985
-9449
-9816
-9036
-8575
-9082
-8952
-7966
-7948
-8687
-8528
-8082
-8666
-9115
-8298
-7723
-8243
-8261
-7515
-7816
-9022
-9457
-9588
-10743
-11783
-11544
-11511
-12579
-13191
-12956
-13586
-14926
-15292
-15209
-16248
-17412
-17371
-17363
-18201
-18314
-17359
-17236
-17847
-17441
-16347
-16151
-15954
-14565
-13373
-13422
-13133
-11911
-11337
-11436
-10486
-9049
-8669
-8456
-7028
-5618
-5293
-4695
-3320
-2954
-3606
-3395
-2517
-2576
-2810
-1780
-695
-643
-250
1138
1827
1714
2538
4041
4555
4732
6060
7388
7570
7977
9237
9797
9414
9969
11258
11614
11550
12526
13484
13301
13186
13901
13778
12659
12417
13008
12684
11946
12261
12596
11757
11057
11371
11099
9846
9346
9600
8899
7837
8075
8602
8083
7684
8328
8514
7844
8105
9272
9534
9134
9571
9971
9107
8427
8998
9238
8495
8390
9126
9033
8592
9251
10082
9493
8723
9012
8953
7996
7698
8293
8036
7358
7759
8476
8019
7581
8276
8654
7989
7903
8687
8596
7888
8101
8499
7628
6686
6996
7191
6545
6565
7533
7681
7125
7428
7871
6979
5855
5824
5643
4487
3937
4368
4039
2997
2907
3185
2335
1320
1356
1071
-404
-1431
-1441
-2092
-3463
-3929
-4059
-5373
-6835
-7046
-7171
-8228
-8733
-8347
-8773
-10047
-10331
-9971
-10605
-11419
-11084
-10862
-11668
-11922
-10981
-10572
-10959
-10591
-9879
-10323
-11016
-10554
-10083
-10714
-10955
-10148
-10004
-10745
-10665
-10009
-10411
-11187
-10869
-10583
-11350
-11730
-11061
-11052
-12071
-12367
-12053
-12644
-13476
-12979
-12347
-12664
-12607
-11426
-10899
-11382
-11315
-10605
-10911
-11442
-10715
-9761
-9876
-9734
-8572
-7944
-8266
-7817
-6707
-6687
-7287
-6947
-6476
-7052
-7318
-6487
-6177
-6950
-7018
-6381
-6576
-7115
-6341
-5271
-5366
-5475
-4567
-4061
-4452
-3996
-2739
-2407
-2581
-1537
-63
457
1096
2738
3770
3634
4126
5477
5965
5867
6854
8176
8395
8616
9867
10749
10529
10906
12062
12280
11845
12427
13354
13157
12850
13504
13682
12674
12252
12793
12672
11980
12430
13370
13219
12902
13507
13635
12498
11877
12249
11965
11089
11251
11816
11281
10535
10906
10992
9951
9337
9573
8988
7690
7458
7814
7163
6253
6393
6226
4986
4296
4821
4798
4056
4193
4753
4220
3452
3820
4042
3059
2440
2820
2633
1936
2359
3476
3462
3022
3650
4179
3649
3463
4373
4649
4139
4479
5364
5144
4606
5229
5790
5200
4897
5688
5956
5429
5648
6380
5870
4822
4766
4701
3475
2526
2678
2342
1161
753
828
-272
-1975
-2559
-2982
-4339
-5304
-5091
-5317
-6468
-6852
-6530
-7252
-8404
-8431
-8327
-9341
-10162
-9779
-9753
-10518
-10499
-9758
-10064
-11006
-10890
-10522
-11099
-11471
-10740
-10594
-11579
-11949
-11560
-12109
-13188
-13247
-13149
-14227
-15120
-14687
-14369
-14966
-14943
-14237
-14487
-15276
-14877
-14054
-14262
-14319
-13149
-12256
-12357
-11825
-10425
-9818
-9802
-8696
-7215
-6834
-6392
-4798
-3496
-3425
-2968
-1822
-1603
-2046
-1494
-571
-770
-1010
-48
659
158
-10
614
366
-523
-324
485
320
159
1138
1904
1580
1727
2842
3143
2615
2987
3880
3819
3721
4868
5840
5659
5791
6787
7053
6658
7310
8564
8638
8344
9054
9574
8995
8803
9611
9623
8736
8696
9289
8998
8558
9252
9820
9183
8875
9592
9655
8901
9121
10032
9950
9545
10245
10929
10512
10419
11330
11609
10967
11223
12167
12195
11805
12413
12869
12107
11558
12061
12022
11048
10877
11421
10987
10128
10231
10253
9035
8026
8168
7881
6707
6332
6726
6115
4949
4770
4686
3443
2361
2340
1848
466
-47
402
90
-645
-349
-19
-966
-1777
-1368
-1231
-2026
-2200
-1696
-2183
-3166
-2992
-2515
-3184
-3871
-3532
-3564
-4401
-4415
-3497
-3573
-4388
-4339
-4113
-5155
-6234
-6214
-6436
-7577
-7972
-7430
-7702
-8524
-8250
-7649
-8164
-8746
-8181
-7839
-8434
-8384
-7459
-7452
-8174
-7952
-7354
-7870
-8451
-7836
-7366
-7902
-7857
-6998
-7146
-8175
-8389
-8249
-9202
-10209
-10036
-9968
-10984
-11614
-11353
-11940
-13267
-13709
-13752
-14989
-16422
-16630
-16805
-17828
-18190
-17492
-17511
-18400
-18390
-17763
-18030
-18320
-17352
-16452
-16622
-16371
-15051
-14372
-14408
-13537
-12166
-11903
-11832
-10453
-8957
-8542
-7864
-6330
-5646
-5939
-5474
-4448
-4459
-4718
-3805
-2806
-2935
-2679
-1303
-460
-499
276
1611
1942
1976
3236
4650
4877
5256
6593
7317
7128
7741
9015
9357
9356
10611
11987
12132
12229
13151
13379
12566
12551
13311
13208
12752
13387
14059
13467
12957
13441
13388
12212
11683
11873
11209
10198
10453
11058
10550
10178
10741
10822
9969
9990
10941
11043
10497
10928
11536
10998
10553
11199
11370
10393
10091
10785
10793
10430
11140
12068
11705
11187
11644
11624
10509
10077
10640
10477
9749
10137
10876
10547
10201
10976
11324
10509
10160
10729
10547
9715
9891
10328
9589
8763
9130
9314
8505
8357
9200
9362
8811
9142
9668
8886
7826
7844
7682
6508
5957
6487
6288
5312
5260
5675
4949
4035
4139
3960
2567
1565
1603
997
-330
-785
-853
-2136
-3656
-3916
-4094
-5270
-5952
-5664
-6108
-7380
-7711
-7381
-8157
-9203
-9245
-9249
-10225
-10580
-9682
-9344
-9812
-9460
-8629
-9008
-9818
-9503
-9149
-9834
-10157
-9405
-9243
-9929
-9749
-8942
-9187
-9914
-9606
-9304
-10097
-10630
-10129
-10230
-11339
-11679
-11294
-11885
-12819
-12612
-12195
-12782
-12980
-12069
-11754
-12506
-12625
-12089
-12529
-13358
-12952
-12222
-12492
-12469
-11312
-10596
-10825
-10381
-9246
-9240
-9830
-9424
-8845
-9330
-9632
-8789
-8459
-9238
-9471
-8889
-9100
-9677
-9049
-8120
-8386
-8633
-7813
-7266
-7683
-7390
-6385
-6342
-6844
-6131
-4890
-4558
-4095
-2491
-1226
-1099
-440
934
1400
1237
2163
3467
3708
3947
5393
6586
6763
7423
8854
9267
8960
9663
10733
10631
10276
10943
11268
10509
10314
10981
10917
10155
10544
11467
11339
11030
11712
12064
11176
10657
11101
10830
9880
9936
10460
9918
9238
9741
10096
9275
8768
9129
8702
7452
7187
7499
6786
5783
5854
5747
4571
3962
4545
4592
3884
4000
4604
4117
3381
3745
3953
2858
2018
2262
2069
1229
1514
2553
2652
2415
3224
3853
3268
2975
3752
3992
3365
3595
4468
4388
3991
4718
5457
4930
4645
5466
5820
5338
5631
6505
6243
5473
5654
5836
4747
3847
4029
3805
2701
2371
2661
1838
434
21
-320
-1766
-2936
-2896
-3255
-4519
-5035
-4711
-5274
-6329
-6256
-6081
-7081
-8021
-7779
-7815
-8655
-8693
-8034
-8394
-9392
-9290
-8860
-9401
-9740
-8978
-8685
-9530
-9761
-9153
-9529
-10621
-10911
-11017
-12200
-13173
-12766
-12534
-13200
-13211
-12398
-12551
-13382
-13211
-12674
-13182
-13644
-12949
-12428
-12847
-12468
-11103
-10476
-10556
-9625
-8277
-7962
-7633
-6092
-4825
-4693
-4141
-2766
-2332
-2716
-2227
-1350
-1511
-1699
-653
183
-165
-154
589
456
-503
-391
297
-19
-433
286
918
469
545
1567
1884
1367
1739
2626
2509
2277
3286
4202
3913
3893
4792
5033
4577
5221
6502
6752
6624
7581
8421
8128
8085
8892
8822
7802
7654
8231
7969
7547
8337
9110
8638
8393
9073
9154
8369
8520
9348
9191
8696
9381
10144
9802
9705
10597
10853
10235
10531
11658
11814
11555
12302
13048
12565
12193
12726
12623
11536
11313
11943
11697
11006
11374
11774
10895
10078
10311
10068
8886
8429
8702
7989
6771
6629
6720
5655
4701
4791
4417
3084
2562
2980
2623
1725
1863
2106
1183
347
773
936
135
-67
441
105
-737
-462
68
-654
-1494
-1250
-1248
-2165
-2312
-1504
-1519
-2186
-1995
-1625
-2566
-3589
-3492
-3592
-4687
-5164
-4714
-5047
-5920
-5741
-5146
-5734
-6430
-5964
-5655
-6293
-6322
-5417
-5337
-6009
-5705
-5039
-5549
-6225
-5753
-5401
-6042
-6103
-5172
-5002
-5704
-5595
-5176
-5951
-6915
-6772
-6749
-7886
-8612
-8403
-8909
-10196
-10570
-10492
-11578
-12960
-13193
-13369
-14476
-15095
-14715
-15078
-16299
-16616
-16260
-16783
-17345
-16647
-16006
-16449
-16461
-15295
-14629
-14791
-14128
-12973
-12886
-13067
-12006
-10793
-10594
-10020
-8446
-7597
-7778
-7274
-6212
-6221
-6576
-5804
-4930
-5118
-4941
-3628
-2858
-3056
-2521
-1386
-1180
-1330
-257
974
1096
1461
2906
3793
3629
4099
5252
5424
5213
6161
7330
7404
7615
8788
9371
8868
9022
9889
9799
9177
9637
10271
9741
9309
9934
10093
9170
8778
9063
8427
7372
7546
8080
7516
7017
7553
7694
6882
6853
7742
7721
7033
7323
7962
7574
7264
8024
8333
7525
7302
8011
7948
7398
7962
8896
8635
8198
8736
8861
7898
7566
8184
8061
7356
7724
8582
8406
8094
8834
9143
8290
7980
8668
8603
7857
8112
8752
8318
7717
8181
8401
7529
7242
7966
8054
7469
7886
8683
8195
7368
7543
7536
6455
5861
6278
6035
5075
5115
5716
5297
4570
4867
4849
3568
2651
2770
2291
1017
601
635
-493
-1917
-2117
-2245
-3378
-4165
-3966
-4384
-5596
-5826
-5474
-6210
-7310
-7334
-7314
-8342
-8887
-8212
-7957
-8512
-8208
-7390
-7679
-8429
-8019
-7551
-8183
-8506
-7723
-7420
-7958
-7660
-6713
-6883
-7586
-7302
-6917
-7687
-8181
-7595
-7514
-8364
-8457
-7907
-8438
-9506
-9443
-9197
-9971
-10458
-9757
-9463
-10178
-10262
-9739
-10204
-11159
-10916
-10374
-10820
-11054
-10130
-9579
-9961
-9540
-8383
-8241
-8793
-8408
-7789
-8274
-8612
-7820
-7492
-8281
-8520
-7902
-8084
-8688
-8163
-7436
-7883
-8312
-7535
-7022
-7577
-7561
-6766
-6864
-7473
-6934
-5880
-5799
-5584
-4168
-3038
-3080
-2637
-1376
-935
-1140
-253
1021
1269
1475
2926
4135
4267
4803
6162
6673
6479
7245
8403
8394
8225
9129
9766
9153
8935
9615
9557
8828
9130
10070
9964
9689
10439
10857
10009
9512
9961
9663
8660
8644
9221
8808
8233
8877
9456
8845
8456
8879
8442
7180
6851
7173
6442
5438
5508
5527
4512
4035
4705
4775
3961
3953
4518
4094
3360
3726
4013
3019
2221
2462
2216
1256
1362
2297
2335
2026
2795
3491
3014
2782
3622
3882
3194
3342
4248
4264
3920
4677
5451
5043
4884
5888
6436
6004
6338
7370
7393
6828
7191
7541
6637
5814
6041
5870
4779
4513
5015
4461
3231
2954
2726
1315
28
-109
-601
-1992
-2611
-2307
-2749
-3696
-3582
-3358
-4390
-5399
-5200
-5260
-6186
-6408
-5826
-6198
-7132
-6901
-6240
-6612
-6991
-6316
-6040
-6800
-6973
-6319
-6642
-7686
-7827
-7738
-8813
-9901
-9725
-9654
-10458
-10559
-9766
-9873
-10732
-10663
-10221
-10921
-11641
-11203
-10867
-11452
-11315
-10142
-9735
-10026
-9321
-8114
-7866
-7682
-6278
-5061
-4904
-4308
-2854
-2314
-2656
-2162
-1277
-1481
-1815
-872
-35
-224
-110
834
868
-8
-36
442
-123
-861
-401
81
-409
-346
766
1126
539
707
1386
1029
552
1309
2076
1661
1543
2423
2734
2360
2938
4080
4147
3883
4765
5735
5549
5570
6469
6571
5648
5471
5919
5455
4788
5390
6146
5760
5556
6339
6522
5765
5789
6431
6078
5374
5861
6532
6119
5900
6743
7092
6591
6934
8064
8245
8023
8854
9732
9332
8924
9464
9440
8428
8191
8840
8677
8131
8680
9346
8746
8121
8443
8252
7050
6527
6757
6059
4849
4770
5038
4158
3351
3499
3186
1826
1217
1625
1263
369
441
692
-182
-961
-549
-410
-1340
-1646
-1069
-1283
-2017
-1682
-1046
-1590
-2259
-1877
-1823
-2780
-3055
-2319
-2310
-2935
-2626
-2069
-2701
-3449
-3098
-3057
-4186
-4797
-4442
-4733
-5627
-5519
-5035
-5675
-6391
-5868
-5500
-6103
-6185
-5268
-5056
-5637
-5319
-4617
-5108
-5832
-5459
-5128
-5717
-5670
-4525
-4130
-4586
-4270
-3615
-4145
-4985
-4747
-4643
-5738
-6470
-6190
-6526
-7620
-7793
-7508
-8410
-9696
-9902
-10081
-11252
-11989
-11727
-12190
-13561
-13986
-13676
-14275
-15074
-14709
-14294
-14899
-15035
-13975
-13422
-13688
-13119
-11973
-11879
-12181
-11310
-10271
-10235
-9831
-8341
-7472
-7562
-6914
-5638
-5406
-5650
-4849
-4009
-4274
-4265
-3129
-2522
-2885
-2488
-1309
-1055
-1177
-149
1066
1180
1472
2804
3576
3291
3658
4727
4810
4450
5278
6418
6494
6731
7989
8691
8289
8463
9412
9406
8811
9215
9812
9289
8888
9595
9862
9009
8679
9054
8523
7511
7718
8271
7694
7006
7412
7480
6612
6392
7022
6727
5823
6012
6682
6327
6044
6886
7372
6675
6441
7022
6773
5957
6280
7073
6790
6386
7080
7496
6820
6674
7410
7320
6536
6885
7740
7512
7109
7761
8178
7483
7264
7983
7945
7190
7459
8194
7870
7333
7876
8206
7354
6988
7622
7678
7046
7386
8252
7937
7257
7605
7770
6810
6254
6709
6541
5601
5677
6374
6091
5495
5920
6131
5022
4220
4519
4270
3185
2875
3014
2031
745
632
546
-687
-1637
-1541
-1981
-3196
-3493
-3080
-3675
-4662
-4594
-4580
-5761
-6617
-6279
-6296
-7079
-6974
-6160
-6321
-6878
-6326
-5714
-6301
-6676
-5880
-5519
-5976
-5702
-4743
-4857
-5483
-5077
-4540
-5167
-5596
-4865
-4591
-5301
-5333
-4668
-5063
-6041
-6049
-5883
-6807
-7502
-6958
-6767
-7524
-7666
-7103
-7574
-8579
-8441
-8028
-8701
-9196
-8474
-7992
-8365
-8009
-6855
-6700
-7329
-7018
-6442
-6871
-7106
-6241
-5785
-6475
-6602
-5870
-5981
-6760
-6514
-5966
-6535
-7044
-6381
-5913
-6430
-6390
-5485
-5519
-6344
-6192
-5549
-5850
-6022
-4918
-4022
-4191
-3852
-2574
-2131
-2401
-1754
-660
-592
-505
824
2062
2161
2674
4081
4636
4424
5131
6286
6330
6166
7092
7815
7389
7350
8156
8208
7413
7605
8375
8155
7743
8399
8796
7935
7413
7870
7673
6684
6588
7066
6548
5827
6363
6877
6248
5798
6128
5661
4374
4101
4550
3954
2998
3072
3208
2286
1769
2338
2283
1352
1258
1871
1516
819
1236
1615
724
8
248
-26
-1143
-1270
-544
-674
-1132
-442
373
25
-163
604
746
-66
-23
863
859
434
1131
2006
1782
1738
2769
3370
2999
3412
4593
4814
4506
5134
5829
5188
4594
5032
5075
4152
3967
4583
4200
3113
2927
2876
1655
516
508
86
-1321
-2004
-1746
-2235
-3224
-3141
-2892
-3937
-5005
-4834
-4872
-5779
-6028
-5441
-5692
-6530
-6221
-5496
-5871
-6293
-5627
-5261
-5959
-6024
-5201
-5263
-6026
-5881
-5519
-6389
-7407
-7232
-7184
-8043
-8301
-7603
-7706
-8495
-8324
-7789
-8488
-9365
-9135
-8948
-9711
-9800
-8880
-8608
-8972
-8312
-7099
-6935
-6865
-5630
-4499
-4445
-3922
-2437
-1717
-1896
-1226
-124
-113
-298
680
1593
1370
1496
2453
2655
1928
2067
2681
2225
1453
1852
2246
1649
1505
2522
2798
2112
2170
2761
2399
1827
2430
3017
2439
2172
2949
3294
2796
3206
4294
4353
4094
4985
5955
5777
5826
6832
7096
6258
6049
6477
5960
5195
5708
6423
6030
5846
6738
7007
6211
6029
6467
5931
5023
5315
5834
5310
5012
5861
6270
5747
5964
7001
7048
6630
7273
8138
7801
7495
8165
8301
7403
7175
7820
7647
7087
7634
8413
7924
7433
7932
7964
6875
6352
6581
5816
4562
4414
4691
3882
3056
3217
2933
1615
1057
1508
1133
90
12
214
-693
-1560
-1253
-1214
-2201
-2583
-1988
-2159
-2906
-2555
-1783
-2170
-2690
-2241
-2157
-3170
-3563
-2889
-2887
-3508
-3103
-2246
-2542
-3050
-2602
-2502
-3631
-4231
-3843
-4149
-5115
-5067
-4490
-5001
-5668
-5202
-4823
-5518
-5688
-4876
-4683
-5252
-4907
-4126
-4513
-5189
-4718
-4291
-4877
-4901
-3774
-3297
-3654
-3200
-2302
-2558
-3190
-2798
-2537
-3506
-4165
-3792
-3941
-4920
-4949
-4493
-5242
-6468
-6579
-6603
-7694
-8414
-8155
-8611
-9956
-10477
-10302
-11101
-12198
-12070
-11755
-12459
-12768
-11852
-11368
-11702
-11220
-10160
-10202
-10701
-10060
-9176
-9250
-9005
-7603
-6658
-6604
-5804
-4391
-4132
-4502
-3835
-3060
-3330
-3378
-2299
-1685
-2009
-1611
-455
-231
-447
448
1569
1602
1793
3091
3936
3685
4004
5006
4996
4479
5111
6107
6096
6198
7404
8215
7947
8288
9373
9469
8837
9150
9635
8993
8491
9186
9533
8792
8510
9027
8686
7800
7974
8497
7816
6968
7237
7192
6085
5609
6050
5683
4754
4927
5529
5130
4735
5510
6021
5279
4920
5361
4989
3983
4055
4634
4170
3652
4339
4892
4269
4098
4775
4664
3852
4023
4776
4469
4022
4693
5150
4423
4135
4810
4789
3986
4202
5006
4780
4329
4991
5428
4635
4172
4702
4636
3882
4104
4908
4587
3958
4421
4802
4064
3633
4152
3973
2892
2771
3403
3123
2520
2991
3307
2430
1869
2413
2342
1376
1132
1439
662
-522
-586
-612
-1777
-2684
-2498
-2825
-3983
-4228
-3687
-4123
-5016
-4894
-4847
-6030
-6959
-6752
-6950
-7947
-8064
-7268
-7333
-7762
-7158
-6484
-7015
-7377
-6589
-6240
-6808
-6560
-5533
-5492
-5940
-5371
-4656
-5106
-5449
-4683
-4268
-4812
-4615
-3654
-3699
-4411
-4200
-3903
-4774
-5536
-5102
-4989
-5845
-6036
-5408
-5678
-6504
-6275
-5757
-6470
-7191
-6762
-6519
-7125
-6949
-5869
-5713
-6247
-5800
-5005
-5224
-5496
-4624
-4141
-4768
-4892
-4116
-4201
-4964
-4740
-4165
-4682
-5223
-4589
-4106
-4587
-4494
-3513
-3473
-4256
-4127
-3522
-3930
-4395
-3653
-3019
-3380
-3104
-1888
-1483
-1910
-1359
-304
-255
-255
932
2067
2075
2492
3802
4321
4007
4605
5697
5731
5586
6617
7604
7468
7653
8666
8810
8011
8100
8772
8448
7869
8425
8912
8236
7867
8518
8480
7540
7358
7723
7027
6148
6531
6980
6241
5648
5940
5563
4355
4039
4406
3777
2745
2826
2961
2045
1413
1899
1863
894
737
1242
782
-20
342
811
83
-575
-305
-538
-1654
-1909
-1352
-1665
-2305
-1742
-942
-1323
-1608
-920
-802
-1633
-1687
-897
-927
-1361
-677
164
-136
-291
638
1201
777
1121
2308
2656
2497
3380
4407
4100
3698
4280
4433
3604
3478
4159
3930
2992
3010
3282
2392
1504
1650
1355
-68
-871
-653
-1151
-2198
-2239
-2037
-3049
-4070
-3895
-3854
-4832
-5152
-4594
-4821
-5670
-5472
-4826
-5257
-5758
-5067
-4622
-5232
-5269
-4364
-4191
-4770
-4495
-3932
-4572
-5398
-5046
-4859
-5739
-6073
-5422
-5425
-6166
-6021
-5504
-6207
-7100
-6869
-6708
-7511
-7756
-6918
-6746
-7318
-6876
-5910
-5961
-6166
-5173
-4153
-4168
-3647
-2087
-1194
-1195
-450
722
743
519
1452
2399
2214
2360
3440
3814
3285
3584
4416
4134
3374
3661
3971
3303
3094
4047
4333
3611
3622
4226
3805
3080
3446
3899
3228
2861
3592
3837
3262
3555
4579
4624
4232
4952
5768
5489
5458
6472
6825
6136
6073
6710
6366
5608
5952
6502
5994
5726
6533
6821
6037
5870
6343
5848
4882
5088
5566
5014
4637
5372
5698
5048
5080
5916
5837
5262
5783
6624
6315
6073
6794
6971
6057
5763
6332
6141
5502
5946
6688
6273
5781
6391
6611
5693
5219
5402
4626
3275
3079
3359
2562
1743
1956
1853
663
99
433
-41
-1195
-1396
-1210
-2147
-3090
-2901
-2869
-3894
-4342
-3912
-4196
-5112
-4918
-4210
-4562
-5110
-4644
-4411
-5275
-5618
-4975
-5067
-5769
-5417
-4494
-4675
-5105
-4539
-4270
-5182
-5725
-5290
-5508
-6404
-6346
-5705
-6153
-6843
-6365
-5994
-6752
-7081
-6392
-6321
-6936
-6567
-5603
-5824
-6394
-5950
-5522
-6162
-6305
-5290
-4800
-5141
-4676
-3615
-3635
-3987
-3319
-2891
-3787
-4471
-4044
-4084
-4844
-4736
-4055
-4513
-5453
-5296
-5154
-6173
-7006
-6800
-7216
-8538
-9044
-8834
-9564
-10643
-10574
-10396
-11262
-11856
-11166
-10872
-11363
-11056
-10055
-10057
-10529
-9886
-9064
-9329
-9334
-8099
-7236
-7190
-6435
-4924
-4530
-4712
-3934
-3032
-3272
-3366
-2315
-1662
-1974
-1569
-365
-72
-316
546
1649
1663
1805
3125
4029
3825
4148
5149
5163
4551
5086
6005
5996
6059
7295
8146
7968
8376
9582
9762
9142
9353
9820
9211
8753
9534
10040
9419
9263
9960
9784
8948
9075
9557
8861
8002
8250
8217
7134
6638
7079
6776
5750
5752
6252
5771
5274
5977
6473
5759
5458
5994
5691
4575
4414
4753
4135
3470
4103
4634
4090
3920
4651
4616
3810
3968
4682
4328
3746
4312
4739
4047
3710
4408
4395
3597
3798
4641
4528
4149
4849
5346
4589
4090
4604
4531
3679
3818
4587
4295
3715
4244
4785
4159
3754
4243
4007
2861
2653
3250
2954
2343
2833
3319
2659
2224
2840
2879
1976
1799
2247
1588
473
452
528
-521
-1312
-1081
-1355
-2534
-2838
-2354
-2765
-3699
-3622
-3485
-4545
-5490
-5343
-5672
-6859
-7191
-6598
-6828
-7421
-6894
-6178
-6600
-6959
-6160
-5811
-6394
-6259
-5288
-5269
-5760
-5250
-4456
-4784
-5015
-4146
-3566
-3957
-3624
-2501
-2357
-2994
-2752
-2361
-3150
-3904
-3473
-3286
-4106
-4308
-3688
-3902
-4690
-4454
-3968
-4738
-5634
-5384
-5252
-5980
-5963
-5016
-4872
-5425
-4958
-4101
-4331
-4636
-3798
-3221
-3760
-3818
-2989
-3007
-3734
-3500
-2886
-3399
-4058
-3516
-3025
-3496
-3420
-2431
-2235
-2894
-2680
-2057
-2627
-3391
-2977
-2582
-3149
-3100
-1973
-1518
-1821
-1260
-190
-146
-357
623
1546
1409
1624
2855
3342
3039
3611
4752
4856
4748
5860
6991
6968
7203
8290
8555
7805
7861
8526
8193
7615
8155
8654
8011
7694
8462
8641
7794
7614
7952
7252
6279
6524
6850
6009
5370
5707
5446
4226
3818
4111
3466
2432
2513
2699
1776
1090
1506
1425
356
6
355
-190
-1073
-763
-228
-886
-1378
-902
-945
-2030
-2402
-2004
-2510
-3409
-3072
-2385
-2805
-3115
-2399
-2172
-2960
-3050
-2323
-2493
-3138
-2651
-1907
-2283
-2542
-1680
-1193
-1690
-1478
-307
84
43
1031
2223
2121
1851
2513
2756
1994
1877
2651
2510
1677
1924
2496
1947
1285
1576
1371
-6
-795
-610
-1123
-2233
-2364
-2177
-3132
-4174
-4061
-4173
-5280
-5760
-5237
-5409
-6268
-6115
-5494
-5905
-6461
-5902
-5617
-6380
-6548
-5664
-5406
-5866
-5393
-4506
-4793
-5349
-4905
-4675
-5582
-6027
-5434
-5469
-6188
-5985
-5312
-5815
-6573
-6262
-6068
-6971
-7382
-6777
-6765
-7503
-7272
-6438
-6608
-6991
-6169
-5322
-5464
-5073
-3549
-2601
-2536
-1690
-408
-231
-419
587
1612
1515
1646
2769
3270
2900
3398
4461
4359
3710
4111
4570
4026
3785
4630
4851
4061
4014
4604
4184
3364
3694
4182
3566
3243
3983
4259
3670
3885
4800
4687
4099
4586
5307
5039
4978
6011
6576
6120
6339
7207
7010
6235
6522
6997
6417
6057
6836
7164
6453
6334
6924
6528
5573
5701
6189
5548
5042
5713
6025
5343
5318
6054
5874
5170
5582
6365
6070
5780
6550
6863
6038
5787
6419
6303
5634
6003
6690
6206
5740
6401
6775
5988
5628
5953
5384
4158
4021
4330
3550
2713
2935
2906
1745
1097
1380
891
-268
-445
-187
-1083
-2065
-1870
-1857
-2923
-3575
-3312
-3733
-4796
-4794
-4204
-4655
-5249
-4657
-4249
-4957
-5283
-4648
-4732
-5557
-5362
-4554
-4745
-5162
-4480
-3987
-4661
-5044
-4450
-4573
-5485
-5465
-4879
-5310
-5974
-5503
-5110
-5866
-6312
-5724
-5704
-6433
-6213
-5335
-5566
-6175
-5726
-5277
-5862
-6010
-5035
-4635
-5160
-4842
-3812
-3743
-4024
-3302
-2663
-3329
-3789
-3171
-3033
-3737
-3616
-2862
-3166
-3974
-3737
-3481
-4387
-5129
-4799
-5032
-6251
-6739
-6509
-7197
-8327
-8401
-8369
-9473
-10279
-9864
-9726
-10473
-10376
-9456
-9453
-9941
-9373
-8609
-8972
-9128
-8120
-7372
-7467
-6756
-5232
-4690
-4782
-3970
-2986
-3197
-3318
-2315
-1649
-1944
-1502
-202
219
15
789
1828
1729
1672
2823
3683
3526
3868
4966
5070
4528
5131
6120
6089
5991
7001
7752
7519
7899
9161
9431
8908
9252
9906
9475
9042
9780
10285
9731
9666
10457
10391
9573
9677
10184
9527
8741
8993
9046
8012
7506
7951
7605
6514
6386
6795
6241
5633
6234
6698
6044
5740
6338
6061
4943
4640
4913
4164
3391
3834
4338
3772
3613
4379
4381
3525
3533
4120
3643
2955
3410
3872
3242
2957
3625
3619
2787
2858
3613
3415
2985
0
0
0
0
0
0
0
0
0
0
0
0
0
0
0
0
0
0
0
0
0
0
0
0
0
0
0
0
0
0
0
0
0
0
0
0
0
0
0
0
0
0
0
0
0
0
0
0
0
0
0
0
0
0
0
0
0
0
0
0
0
0
0
0
0
0
0
0
0
0
0
0
0
0
0
0
0
0
0
0
0
0
0
0
0
0
0
0
0
0
0
0
0
0
0
0
0
0
0
0
0
0
0
0
0
0
0
0
0
0
0
0
0
0
0
0
0
0
0
0
0
0
0
0
0
0
0
0
0
0
0
0
0
0
0
0
0
0
0
0
0
0
0
0
0
0
0
0
0
0
0
0
0
0
0
0
0
0
0
0
0
0
0
0
0
0
0
0
0
0
0
0
0
0
0
0
0
0
0
0
0
0
0
0
0
0
0
0
0
0
0
0
0
0
0
0
0
0
0
0
0
0
0
0
0
0
0
0
0
0
0
0
0
0
0
0
0
0
0
0
0
0
0
0
0
0
0
0
0
0
0
0
0
0
0
0
0
0
0
0
0
0
0
0
0
0
0
0
0
0
0
0
0
0
0
0
0
0
0
0
0
0
0
0
0
0
0
0
0
0
0
0
0
0
0
0
0
0
0
0
0
0
0
0
0
0
0
0
0
0
0
0
0
0
0
0
0
0
0
0
0
0
0
0
0
0
0
0
0
0
0
0
0
0
0
0
0
0
0
0
0
0
0
0
0
0
0
0
0
0
0
0
0
0
0
0
0
0
0
0
0
0
0
0
0
0
0
0
0
0
0
0
0
0
0
0
0
0
0
0
0
0
0
0
0
0
0
0
0
0
0
0
0
0
0
0
0
0
0
0
0
0
0
0
0
0
0
0
0
0
0
0
0
0
0
0
0
0
0
0
0
0
0
0
0
0
0
0
0
0
0
0
0
0
0
0
0
0
0
0
0
0
0
0
0
0
0
0
0
0
0
0
0
0
0
0
0
0
0
0
0
0
0
0
0
0
0
0
0
0
0
0
0
0
0
0
0
0
0
0
0
0
0
0
0
0
0
0
0
0
0
0
0
0
0
0
0
0